datetime,Close,Open,High,Low,Volume,Change
2025/12/31,15.25,15.6,15.75,15.21,56.00M,-2.49%
2025/12/30,15.64,15.41,15.85,15.2,72.27M,-0.26%
2025/12/29,15.68,16.11,16.18,15.43,106.19M,-3.21%
2025/12/26,16.2,15.19,16.5,14.97,167.06M,8.87%
2025/12/25,14.88,15.04,15.05,14.73,41.57M,-0.93%
2025/12/24,15.02,14.81,15.1,14.8,55.18M,0.54%
2025/12/23,14.94,14.58,15.19,14.5,76.67M,1.77%
2025/12/22,14.68,14.09,14.85,14.01,76.43M,4.34%
2025/12/19,14.07,14.01,14.16,13.78,44.02M,0.29%
2025/12/18,14.03,14.1,14.25,14,41.70M,-1.89%
2025/12/17,14.3,13.99,14.35,13.83,64.61M,2.88%
2025/12/16,13.9,14.42,14.48,13.73,66.61M,-4.07%
2025/12/15,14.49,15.3,15.42,14.41,97.97M,-5.79%
2025/12/12,15.38,16.28,16.45,15.09,121.93M,-4.53%
2025/12/11,16.11,16.53,16.68,16.1,101.65M,-2.36%
2025/12/10,16.5,15.36,17.16,15.34,170.42M,8.13%
2025/12/9,15.26,15.23,15.48,14.95,62.78M,-1.42%
2025/12/8,15.48,15.07,15.5,14.85,82.51M,1.44%
2025/12/5,15.26,15.54,15.58,14.88,76.77M,-1.80%
2025/12/4,15.54,15.3,15.87,15.07,97.06M,-0.89%
2025/12/3,15.68,16.21,16.75,15.61,162.28M,-3.09%
2025/12/2,16.18,16.81,17.4,15.83,196.86M,5.13%
2025/12/1,15.39,15.97,16.66,15.31,132.01M,0.46%
2025/11/28,15.32,15.02,15.65,14.92,80.82M,1.52%
2025/11/27,15.09,15,15.53,14.95,73.02M,0.07%
2025/11/26,15.08,15.49,15.67,15.02,82.91M,-3.40%
2025/11/25,15.61,15.03,15.85,15,100.86M,5.19%
2025/11/24,14.84,15.31,15.45,14.67,94.29M,-1.07%
2025/11/21,15,16.51,16.73,15,168.83M,-12.13%
2025/11/20,17.07,17.11,18.72,17.05,169.81M,-0.12%
2025/11/19,17.09,16.62,17.53,16.4,149.67M,2.03%
2025/11/18,16.75,17.8,18.34,16.46,180.37M,-4.29%
2025/11/17,17.5,17.15,17.79,16.41,175.87M,3.12%
2025/11/14,16.97,17.32,17.66,16.83,178.43M,-3.85%
2025/11/13,17.65,15.36,18.18,15.36,289.67M,14.98%
2025/11/12,15.35,15.08,15.82,14.63,128.68M,0.85%
2025/11/11,15.22,15.39,15.69,15.17,129.84M,-1.10%
2025/11/10,15.39,15.15,15.86,15,217.52M,2.26%
2025/11/7,15.05,14.01,15.4,13.93,202.99M,6.21%
2025/11/6,14.17,14.05,14.36,13.83,75.70M,1.58%
2025/11/5,13.95,13.4,14.15,13.37,78.11M,1.45%
2025/11/4,13.75,13.97,14.24,13.58,79.29M,-1.86%
2025/11/3,14.01,14.02,14.21,13.66,108.30M,-1.68%
2025/10/31,14.25,12.96,15.12,12.96,238.86M,9.20%
2025/10/30,13.05,12.78,13.36,12.7,86.37M,2.59%
2025/10/29,12.72,12.39,12.77,12.31,48.43M,2.58%
2025/10/28,12.4,12.39,12.58,12.23,39.48M,0.16%
2025/10/27,12.38,12.62,12.72,12.33,62.34M,-2.83%
2025/10/24,12.74,12.51,12.89,12.5,42.47M,1.92%
2025/10/23,12.5,12.34,12.57,12.05,43.54M,1.21%
2025/10/22,12.35,12.7,12.73,12.31,47.94M,-3.44%
2025/10/21,12.79,12.88,12.99,12.67,36.35M,-0.08%
2025/10/20,12.8,12.92,13.16,12.68,47.46M,0.08%
2025/10/17,12.79,13.32,13.78,12.78,68.49M,-4.77%
2025/10/16,13.43,13.21,14.17,13.15,77.10M,0.60%
2025/10/15,13.35,13.17,13.42,13,50.16M,1.83%
2025/10/14,13.11,14,14.09,13.08,80.32M,-5.68%
2025/10/13,13.9,13.42,14.01,13.41,69.52M,-2.04%
2025/10/10,14.19,14.75,14.96,14.1,98.18M,-4.32%
2025/10/9,14.83,14.88,15.15,14.51,135.70M,1.64%
2025/9/30,14.59,14.1,14.76,13.97,116.51M,3.11%
2025/9/29,14.15,13.56,14.3,13.56,111.41M,5.60%
2025/9/26,13.4,13.83,14.02,13.4,57.51M,-3.11%
2025/9/25,13.83,13.88,14.1,13.8,68.42M,-0.79%
2025/9/24,13.94,13.38,14.15,13.24,90.92M,3.26%
2025/9/23,13.5,13.78,13.94,13.2,75.23M,-2.03%
2025/9/22,13.78,13.61,13.92,13.41,54.01M,1.47%
2025/9/19,13.58,13.78,14.05,13.5,72.88M,-1.45%
2025/9/18,13.78,14.03,14.37,13.69,113.41M,-2.27%
2025/9/17,14.1,14.16,14.3,13.89,87.42M,-1.26%
2025/9/16,14.28,14.43,14.48,13.93,113.57M,-1.52%
2025/9/15,14.5,14.19,15.05,14.19,149.78M,1.83%
2025/9/12,14.24,14.51,14.65,13.88,124.48M,-2.06%
2025/9/11,14.54,14.31,14.66,14.1,137.95M,-0.75%
2025/9/10,14.65,13.5,15.05,13.4,226.40M,6.01%
2025/9/9,13.82,13.71,14.19,13.68,156.35M,0.14%
2025/9/8,13.8,14.18,14.33,13.5,209.19M,-0.79%
2025/9/5,13.91,12.48,13.91,12.4,217.52M,11.46%
2025/9/4,12.48,12.77,13.22,12.23,126.53M,-1.89%
2025/9/3,12.72,12.99,13.25,12.7,102.11M,-1.17%
2025/9/2,12.87,13.2,13.33,12.76,118.84M,-2.65%
2025/9/1,13.22,12.78,13.22,12.66,168.05M,4.26%
2025/8/29,12.68,12.2,12.95,12.17,132.30M,3.59%
2025/8/28,12.24,12.16,12.38,11.76,73.50M,0.00%
2025/8/27,12.24,12.55,12.84,12.24,93.12M,-2.63%
2025/8/26,12.57,12.56,12.67,12.37,61.53M,-0.16%
2025/8/25,12.59,12.3,12.63,12.24,98.02M,2.69%
2025/8/22,12.26,12.05,12.31,12.04,61.00M,1.57%
2025/8/21,12.07,12.44,12.48,12,79.61M,-2.90%
2025/8/20,12.43,12.18,12.45,12.05,78.26M,0.65%
2025/8/19,12.35,12.35,12.52,12.22,62.35M,-0.64%
2025/8/18,12.43,12.39,12.55,12.29,75.53M,0.81%
2025/8/15,12.33,12.06,12.35,12.06,55.92M,1.99%
2025/8/14,12.09,12.5,12.51,12.03,79.82M,-3.36%
2025/8/13,12.51,12.41,12.66,12.26,139.28M,3.65%
2025/8/12,12.07,12.09,12.13,11.91,39.45M,-0.17%
2025/8/11,12.09,11.77,12.14,11.76,58.62M,2.89%
2025/8/8,11.75,11.79,11.93,11.73,25.74M,-1.09%
2025/8/7,11.88,11.95,12,11.76,32.86M,-0.83%
2025/8/6,11.98,11.81,11.99,11.75,36.09M,0.76%
2025/8/5,11.89,11.79,12,11.74,34.69M,0.93%
2025/8/4,11.78,11.56,11.79,11.48,24.34M,0.94%
2025/8/1,11.67,11.62,11.74,11.56,26.28M,0.26%
2025/7/31,11.64,11.83,11.99,11.57,42.59M,-2.10%
2025/7/30,11.89,12.22,12.22,11.79,57.37M,-2.78%
2025/7/29,12.23,12.22,12.44,12.12,47.35M,-0.08%
2025/7/28,12.24,12,12.29,11.98,59.13M,2.09%
2025/7/25,11.99,12.14,12.22,11.95,40.82M,-1.24%
2025/7/24,12.14,11.88,12.2,11.88,54.97M,1.51%
2025/7/23,11.96,12.22,12.28,11.92,71.20M,-2.84%
2025/7/22,12.31,12.14,12.55,12.07,91.19M,0.98%
2025/7/21,12.19,12.12,12.24,12.01,56.01M,-0.41%
2025/7/18,12.24,12.19,12.6,12.1,96.34M,2.34%
2025/7/17,11.96,11.71,11.97,11.62,46.92M,2.05%
2025/7/16,11.72,11.85,11.88,11.62,35.41M,-0.09%
2025/7/15,11.73,11.94,12.14,11.67,58.14M,-1.26%
2025/7/14,11.88,12.01,12.21,11.87,50.10M,-1.33%
2025/7/11,12.04,11.99,12.21,11.83,58.64M,0.17%
2025/7/10,12.02,12.02,12.18,11.95,70.61M,-1.31%
2025/7/9,12.18,12.4,12.68,12.15,108.72M,0.00%
2025/7/8,12.18,12.01,12.33,12,68.30M,1.67%
2025/7/7,11.98,11.93,12.16,11.93,53.16M,-0.99%
2025/7/4,12.1,12.4,12.57,12.07,105.60M,-3.97%
2025/7/3,12.6,12.34,12.79,12.01,154.09M,2.44%
2025/7/2,12.3,12.27,12.58,12.1,112.52M,-1.68%
2025/7/1,12.51,12.58,13.05,11.9,209.15M,-1.34%
2025/6/30,12.68,13.14,13.26,12.37,213.75M,-2.54%
2025/6/27,13.01,13.14,14.12,12.8,343.77M,5.17%
2025/6/26,12.37,12,13.42,12,274.93M,10.55%
2025/6/25,11.19,11.2,11.58,11.06,107.56M,1.82%
2025/6/24,10.99,10.79,11.07,10.72,75.97M,3.29%
2025/6/23,10.64,10.4,10.67,10.3,42.74M,1.33%
2025/6/20,10.5,10.26,10.6,10.21,46.98M,1.94%
2025/6/19,10.3,10.41,10.57,10.25,37.86M,-1.53%
2025/6/18,10.46,10.18,10.5,9.99,46.27M,2.75%
2025/6/17,10.18,10.03,10.24,10.01,20.86M,1.70%
2025/6/16,10.01,9.95,10.04,9.9,15.15M,0.20%
2025/6/13,9.99,10.36,10.36,9.99,28.09M,-3.66%
2025/6/12,10.37,10.25,10.37,10.1,26.48M,0.68%
2025/6/11,10.3,10.3,10.45,10.24,33.07M,0.00%
2025/6/10,10.3,10.16,10.37,10.11,44.26M,1.78%
2025/6/9,10.12,10.05,10.21,10.04,20.02M,0.80%
2025/6/6,10.04,10.04,10.19,9.96,20.99M,0.00%
2025/6/5,10.04,10.05,10.05,9.88,20.82M,-0.10%
2025/6/4,10.05,9.9,10.18,9.89,24.55M,1.41%
2025/6/3,9.91,9.82,9.95,9.78,14.95M,0.10%
2025/5/30,9.9,9.97,10.02,9.89,19.11M,-1.10%
2025/5/29,10.01,9.85,10.05,9.85,21.95M,1.21%
2025/5/28,9.89,10.05,10.09,9.81,26.61M,-1.59%
2025/5/27,10.05,10.01,10.18,9.88,29.18M,0.10%
2025/5/26,10.04,10,10.06,9.89,22.52M,-0.20%
2025/5/23,10.06,10.17,10.33,10.05,32.56M,-1.66%
2025/5/22,10.23,10.52,10.52,10.21,43.70M,-3.67%
2025/5/21,10.62,10.18,10.65,10.11,83.02M,4.32%
2025/5/20,10.18,10.22,10.3,10.15,22.58M,-0.29%
2025/5/19,10.21,10.42,10.42,10,35.44M,-2.02%
2025/5/16,10.42,10.4,10.51,10.37,23.48M,-0.38%
2025/5/15,10.46,10.68,10.7,10.43,37.46M,-2.43%
2025/5/14,10.72,10.81,10.9,10.63,50.56M,-1.47%
2025/5/13,10.88,11.12,11.2,10.75,61.22M,-0.18%
2025/5/12,10.9,11.03,11.15,10.69,93.41M,2.83%
2025/5/9,10.6,10.58,10.69,10.14,88.52M,-0.84%
2025/5/8,10.69,9.73,11.09,9.68,115.77M,9.53%
2025/5/7,9.76,9.64,10.22,9.62,59.70M,3.17%
2025/5/6,9.46,9.11,9.47,9.11,27.45M,4.19%
2025/4/30,9.08,8.99,9.12,8.99,15.82M,1.34%
2025/4/29,8.96,9,9.15,8.89,24.35M,-1.54%
2025/4/28,9.1,9.15,9.18,9.02,15.80M,-0.66%
2025/4/25,9.16,9.14,9.24,9.07,15.34M,0.44%
2025/4/24,9.12,9.29,9.3,9.1,19.10M,-1.51%
2025/4/23,9.26,9.24,9.32,9.18,19.82M,0.87%
2025/4/22,9.18,9.29,9.31,9.16,19.23M,-1.29%
2025/4/21,9.3,9.25,9.32,9.13,17.07M,0.76%
2025/4/18,9.23,9.16,9.3,9.08,19.95M,0.87%
2025/4/17,9.15,9.12,9.29,9.03,27.82M,1.78%
2025/4/16,8.99,9.1,9.14,8.85,20.77M,-1.96%
2025/4/15,9.17,9.1,9.33,9.06,28.55M,0.77%
2025/4/14,9.1,9.21,9.26,9.06,22.95M,0.78%
2025/4/11,9.03,8.81,9.12,8.81,22.13M,1.35%
2025/4/10,8.91,8.99,9.21,8.91,40.00M,2.30%
2025/4/9,8.71,8.32,8.8,8.01,43.14M,1.87%
2025/4/8,8.55,8.36,8.81,8.35,51.99M,4.40%
2025/4/7,8.19,9.48,9.58,8.11,68.88M,-19.23%
2025/4/3,10.14,10.24,10.38,10.09,17.88M,-1.93%
2025/4/2,10.34,10.25,10.41,10.23,13.36M,0.68%
2025/4/1,10.27,10.2,10.38,10.17,18.27M,0.88%
2025/3/31,10.18,10.5,10.51,10.09,37.42M,-3.32%
2025/3/28,10.53,10.76,10.88,10.52,22.50M,-2.50%
2025/3/27,10.8,10.67,10.97,10.45,30.14M,0.56%
2025/3/26,10.74,10.71,10.86,10.67,18.95M,-0.09%
2025/3/25,10.75,10.8,10.92,10.65,22.92M,-0.56%
2025/3/24,10.81,10.93,10.96,10.59,32.61M,-1.37%
2025/3/21,10.96,11.3,11.43,10.93,47.48M,-3.61%
2025/3/20,11.37,11.64,11.7,11.35,48.57M,-2.90%
2025/3/19,11.71,11.45,12.05,11.4,98.39M,2.45%
2025/3/18,11.43,11.2,11.49,11.17,54.81M,2.60%
2025/3/17,11.14,11.09,11.22,11.02,31.45M,0.45%
2025/3/14,11.09,10.94,11.11,10.79,34.84M,1.19%
2025/3/13,10.96,11.23,11.38,10.88,47.23M,-2.92%
2025/3/12,11.29,11.22,11.39,11.1,38.58M,0.89%
2025/3/11,11.19,11.15,11.28,11.03,29.84M,-0.71%
2025/3/10,11.27,11.19,11.39,11.17,31.59M,0.27%
2025/3/7,11.24,11.51,11.58,11.17,53.44M,-3.02%
2025/3/6,11.59,11.2,12.07,11.16,81.89M,4.23%
2025/3/5,11.12,11.22,11.28,10.98,44.99M,-1.33%
2025/3/4,11.27,11.3,11.37,11.1,59.15M,-1.91%
2025/3/3,11.49,11.3,11.97,11.27,88.18M,2.13%
2025/2/28,11.25,11.94,11.94,11.18,87.95M,-6.72%
2025/2/27,12.06,12.07,12.21,11.68,96.53M,-0.08%
2025/2/26,12.07,11.66,12.13,11.46,104.71M,3.69%
2025/2/25,11.64,11.48,11.85,11.3,73.25M,1.22%
2025/2/24,11.5,11.22,11.7,11.13,84.13M,1.86%
2025/2/21,11.29,11,11.6,10.93,100.83M,3.01%
2025/2/20,10.96,10.71,10.98,10.55,55.01M,1.76%
2025/2/19,10.77,10.58,10.8,10.51,43.80M,0.75%
2025/2/18,10.69,10.89,11.1,10.57,60.52M,-0.56%
2025/2/17,10.75,10.81,11.2,10.74,52.64M,-1.01%
2025/2/14,10.86,10.72,11.05,10.72,53.43M,0.84%
2025/2/13,10.77,11.11,11.2,10.73,63.12M,-3.06%
2025/2/12,11.11,10.51,11.16,10.51,106.92M,4.61%
2025/2/11,10.62,10.13,10.64,9.99,74.59M,4.84%
2025/2/10,10.13,10.11,10.15,10,35.14M,0.90%
2025/2/7,10.04,10.02,10.16,9.92,40.77M,0.00%
2025/2/6,10.04,9.78,10.05,9.71,30.19M,2.14%
2025/2/5,9.83,9.86,9.99,9.75,25.90M,0.31%
2025/1/27,9.8,9.68,10.03,9.66,38.92M,1.55%
2025/1/24,9.65,9.39,9.67,9.36,21.41M,2.12%
2025/1/23,9.45,9.7,9.84,9.44,23.14M,-1.05%
2025/1/22,9.55,9.72,9.72,9.52,18.74M,-2.35%
2025/1/21,9.78,9.7,9.9,9.56,25.83M,1.45%
2025/1/20,9.64,9.57,9.73,9.54,20.09M,1.37%
2025/1/17,9.51,9.44,9.59,9.38,20.02M,0.32%
2025/1/16,9.48,9.6,9.7,9.4,22.25M,-0.42%
2025/1/15,9.52,9.73,9.75,9.5,25.96M,-1.96%
2025/1/14,9.71,9.35,9.75,9.25,44.98M,4.07%
2025/1/13,9.33,8.86,9.36,8.83,36.75M,3.67%
2025/1/10,9,9.17,9.22,8.98,28.15M,-0.88%
2025/1/9,9.08,8.77,9.16,8.73,39.65M,2.71%
2025/1/8,8.84,8.99,8.99,8.57,35.95M,-2.10%
2025/1/7,9.03,8.96,9.05,8.9,21.19M,0.78%
2025/1/6,8.96,8.99,9.11,8.87,21.74M,-0.33%
2025/1/3,8.99,9.34,9.39,8.95,35.86M,-3.64%
2025/1/2,9.33,9.72,9.79,9.23,31.51M,-4.01%
2024/12/31,9.72,10.13,10.17,9.72,33.49M,-4.42%
2024/12/30,10.17,9.96,10.18,9.93,30.88M,2.01%
2024/12/27,9.97,9.91,10.1,9.87,24.49M,0.40%
2024/12/26,9.93,9.96,10,9.88,17.54M,0.40%
2024/12/25,9.89,10.02,10.07,9.78,21.06M,-1.30%
2024/12/24,10.02,9.88,10.16,9.86,26.39M,1.62%
2024/12/23,9.86,10.11,10.19,9.84,28.58M,-2.76%
2024/12/20,10.14,10.11,10.24,10.06,23.36M,-0.29%
2024/12/19,10.17,9.98,10.19,9.92,26.60M,0.79%
2024/12/18,10.09,10.21,10.31,10.07,27.56M,-0.98%
2024/12/17,10.19,10.25,10.37,10.14,30.73M,-0.78%
2024/12/16,10.27,10.47,10.54,10.13,49.41M,-2.38%
2024/12/13,10.52,10.75,10.76,10.41,98.09M,-2.95%
2024/12/12,10.84,10.98,10.98,10.73,56.58M,-1.28%
2024/12/11,10.98,11.02,11.13,10.91,36.67M,-0.81%
2024/12/10,11.07,11.4,11.47,11.05,42.37M,0.18%
2024/12/9,11.05,11.19,11.26,10.96,28.67M,-1.60%
2024/12/6,11.23,11.09,11.38,10.87,44.04M,1.45%
2024/12/5,11.07,10.96,11.13,10.92,24.93M,0.36%
2024/12/4,11.03,11.18,11.2,10.96,35.90M,-1.78%
2024/12/3,11.23,11.53,11.58,11.06,66.19M,-3.19%
2024/12/2,11.6,11.5,11.63,11.4,51.36M,-0.26%
2024/11/29,11.63,11.62,11.89,11.37,54.39M,-0.85%
2024/11/28,11.73,11.95,12.09,11.71,43.69M,-1.84%
2024/11/27,11.95,11.62,11.95,11.22,63.01M,0.17%
2024/11/26,11.93,12.68,12.68,11.84,74.38M,1.10%
2024/11/25,11.8,11.63,12.06,11.55,55.57M,3.42%
2024/11/22,11.41,11.96,12.17,11.41,61.56M,-4.52%
2024/11/21,11.95,11.89,12.42,11.85,64.43M,-0.50%
2024/11/20,12.01,11.6,12.23,11.51,68.99M,3.71%
2024/11/19,11.58,11.18,11.61,10.79,67.12M,3.21%
2024/11/18,11.22,11.3,11.76,11.1,56.42M,-0.71%
2024/11/15,11.3,11.71,12.02,11.29,81.70M,-6.53%
2024/11/14,12.09,12.91,13.14,12.09,109.33M,-7.21%
2024/11/13,13.03,12.2,13.11,12.1,144.82M,8.67%
2024/11/12,11.99,13.16,13.16,11.83,156.63M,0.25%
2024/11/11,11.96,11.05,11.99,11.01,112.41M,7.55%
2024/11/8,11.12,11.48,11.86,11.11,85.89M,-1.77%
2024/11/7,11.32,11.1,11.38,11.01,66.03M,2.07%
2024/11/6,11.09,10.97,11.55,10.96,92.56M,1.37%
2024/11/5,10.94,10.57,11.06,10.52,72.48M,3.21%
2024/11/4,10.6,10.36,10.86,10.21,42.59M,2.42%
2024/11/1,10.35,10.76,11.08,10.35,60.09M,-4.96%
2024/10/31,10.89,10.54,11,10.44,64.44M,3.32%
2024/10/30,10.54,10.52,10.81,10.4,54.60M,-1.86%
2024/10/29,10.74,10.76,11.11,10.71,79.23M,0.00%
2024/10/28,10.74,10.98,11.06,10.51,87.56M,-1.92%
2024/10/25,10.95,9.82,11.3,9.81,142.52M,12.42%
2024/10/24,9.74,10.18,10.18,9.73,56.89M,-4.42%
2024/10/23,10.19,9.86,10.22,9.7,81.14M,3.66%
2024/10/22,9.83,9.69,9.9,9.56,49.06M,0.82%
2024/10/21,9.75,9.58,10.12,9.58,71.12M,2.63%
2024/10/18,9.5,8.99,9.86,8.93,73.17M,5.91%
2024/10/17,8.97,9.12,9.29,8.97,35.57M,-0.66%
2024/10/16,9.03,9.14,9.24,8.96,43.60M,-2.27%
2024/10/15,9.24,9.58,9.65,9.22,49.98M,-3.65%
2024/10/14,9.59,9.54,9.75,9.25,56.39M,0.74%
2024/10/11,9.52,10.29,10.33,9.35,64.90M,-7.93%
2024/10/10,10.34,10.9,11.27,10.3,80.54M,-3.81%
2024/10/9,10.75,12,12.18,10.7,118.24M,-12.96%
2024/10/8,12.35,12.35,12.35,11,147.34M,20.02%
2024/9/30,10.29,9.15,10.3,9.04,114.44M,18.96%
2024/9/27,8.65,8.06,8.86,8.06,72.73M,9.77%
2024/9/26,7.88,7.53,7.88,7.48,39.85M,4.37%
2024/9/25,7.55,7.53,7.77,7.52,52.32M,1.62%
2024/9/24,7.43,6.86,7.43,6.85,56.90M,8.78%
2024/9/23,6.83,6.81,6.89,6.73,16.23M,0.00%
2024/9/20,6.83,6.94,6.97,6.77,22.83M,-2.15%
2024/9/19,6.98,6.91,7.13,6.8,24.22M,1.60%
2024/9/18,6.87,7.08,7.12,6.78,22.51M,-2.83%
2024/9/13,7.07,7.39,7.43,7.07,24.14M,-4.33%
2024/9/12,7.39,7.5,7.62,7.37,23.87M,-1.73%
2024/9/11,7.52,7.27,7.57,7.21,35.25M,3.72%
2024/9/10,7.25,7.36,7.36,7.1,20.19M,-1.23%
2024/9/9,7.34,7.45,7.55,7.27,23.68M,-1.87%
2024/9/6,7.48,7.78,7.79,7.45,34.81M,-3.98%
2024/9/5,7.79,7.68,7.97,7.68,40.25M,0.26%
2024/9/4,7.77,7.54,8.01,7.51,60.10M,2.64%
2024/9/3,7.57,7.31,7.61,7.25,32.81M,3.56%
2024/9/2,7.31,7.45,7.55,7.3,19.03M,-1.88%
2024/8/30,7.45,7.4,7.58,7.31,27.62M,0.81%
2024/8/29,7.39,7.07,7.53,7.05,34.51M,4.67%
2024/8/28,7.06,7.07,7.1,6.92,11.51M,-0.14%
2024/8/27,7.07,7.21,7.25,7.06,13.89M,-2.62%
2024/8/26,7.26,7.14,7.4,7.12,18.15M,2.11%
2024/8/23,7.11,7.22,7.26,7.09,13.55M,-1.39%
2024/8/22,7.21,7.39,7.47,7.2,18.57M,-1.90%
2024/8/21,7.35,7.3,7.46,7.26,11.98M,0.41%
2024/8/20,7.32,7.48,7.58,7.31,10.45M,-2.01%
2024/8/19,7.47,7.5,7.61,7.46,8.13M,-0.40%
2024/8/16,7.5,7.69,7.73,7.48,13.53M,-2.47%
2024/8/15,7.69,7.55,7.82,7.48,15.63M,1.18%
2024/8/14,7.6,7.76,7.84,7.59,12.04M,-2.31%
2024/8/13,7.78,7.68,7.88,7.6,14.55M,1.57%
2024/8/12,7.66,7.67,7.73,7.6,8.50M,-0.13%
2024/8/9,7.67,7.85,7.9,7.67,9.67M,-1.79%
2024/8/8,7.81,7.8,7.87,7.67,10.80M,-0.13%
2024/8/7,7.82,7.82,7.91,7.71,13.04M,-0.13%
2024/8/6,7.83,7.77,7.87,7.71,14.15M,2.09%
2024/8/5,7.67,7.78,7.99,7.67,17.18M,-1.92%
2024/8/2,7.82,7.84,8.01,7.81,14.16M,-0.89%
2024/8/1,7.89,7.88,7.95,7.82,13.73M,-0.25%
2024/7/31,7.91,7.55,7.91,7.47,19.31M,5.05%
2024/7/30,7.53,7.46,7.57,7.42,9.40M,0.67%
2024/7/29,7.48,7.59,7.59,7.38,11.91M,-1.19%
2024/7/26,7.57,7.42,7.65,7.41,15.26M,2.30%
2024/7/25,7.4,7.27,7.55,7.23,20.01M,1.37%
2024/7/24,7.3,7.48,7.51,7.27,15.86M,-2.28%
2024/7/23,7.47,7.76,7.81,7.46,17.97M,-3.74%
2024/7/22,7.76,7.88,7.94,7.72,16.39M,-1.27%
2024/7/19,7.86,7.86,7.96,7.75,13.66M,-0.25%
2024/7/18,7.88,7.9,7.94,7.73,17.39M,-0.51%
2024/7/17,7.92,7.98,8.04,7.9,12.58M,-0.75%
2024/7/16,7.98,7.95,8.07,7.92,12.44M,0.38%
2024/7/15,7.95,8.05,8.09,7.93,11.76M,-1.85%
2024/7/12,8.1,8.11,8.17,8.04,14.83M,-0.12%
2024/7/11,8.11,7.96,8.19,7.92,24.38M,4.24%
2024/7/10,7.78,7.79,7.99,7.72,13.57M,-0.38%
2024/7/9,7.81,7.55,7.88,7.52,21.45M,2.76%
2024/7/8,7.6,7.82,7.84,7.57,19.46M,-3.43%
2024/7/5,7.87,7.9,7.92,7.77,15.73M,-0.38%
2024/7/4,7.9,8.19,8.24,7.9,17.31M,-3.42%
2024/7/3,8.18,8.12,8.31,8.03,21.56M,0.86%
2024/7/2,8.11,8.19,8.22,8.07,18.01M,-0.86%
2024/7/1,8.18,8.2,8.24,8.08,15.40M,-0.24%
2024/6/28,8.2,8.28,8.42,8.18,16.30M,-0.97%
2024/6/27,8.28,8.4,8.48,8.27,17.59M,-2.36%
2024/6/26,8.48,8.11,8.52,8,25.61M,4.43%
2024/6/25,8.12,8.18,8.28,8.06,18.55M,-0.49%
2024/6/24,8.16,8.53,8.53,8.13,31.01M,-5.12%
2024/6/21,8.6,8.75,8.77,8.55,17.65M,-1.71%
2024/6/20,8.75,9.02,9.06,8.75,18.21M,-3.21%
2024/6/19,9.04,9.18,9.19,9.02,15.19M,-1.63%
2024/6/18,9.19,9.18,9.23,9.08,15.09M,0.00%
2024/6/17,9.19,9.09,9.35,9.06,23.66M,0.55%
2024/6/14,9.14,8.93,9.17,8.82,22.67M,2.01%
2024/6/13,8.96,9.08,9.12,8.94,19.18M,-2.50%
2024/6/12,9.19,9.07,9.25,9.03,16.53M,0.88%
2024/6/11,9.11,9,9.13,8.85,17.88M,-0.11%
2024/6/7,9.12,9.25,9.34,9.03,22.39M,-0.55%
2024/6/6,9.17,9.53,9.6,9.15,29.88M,-3.78%
2024/6/5,9.53,9.51,9.74,9.49,22.61M,0.21%
2024/6/4,9.51,9.48,9.59,9.41,21.03M,-0.31%
2024/6/3,9.54,9.6,9.63,9.43,18.11M,-0.52%
2024/5/31,9.59,9.58,9.82,9.58,19.63M,0.00%
2024/5/30,9.59,9.85,9.9,9.55,31.42M,-2.44%
2024/5/29,9.83,9.75,10.03,9.71,27.54M,1.24%
2024/5/28,9.71,9.88,9.91,9.7,23.69M,-2.71%
2024/5/27,9.98,10.15,10.35,9.7,38.52M,-0.60%
2024/5/24,10.04,9.87,10.4,9.85,41.66M,1.01%
2024/5/23,9.94,10.22,10.24,9.91,28.50M,-3.21%
2024/5/22,10.27,9.92,10.33,9.88,44.33M,3.32%
2024/5/21,9.94,9.9,9.98,9.79,22.35M,0.30%
2024/5/20,9.91,9.96,10.12,9.89,27.65M,-0.70%
2024/5/17,9.98,9.74,9.99,9.67,27.03M,2.46%
2024/5/16,9.74,9.78,9.87,9.72,18.96M,-0.31%
2024/5/15,9.77,9.86,9.99,9.76,21.39M,-0.41%
2024/5/14,9.81,9.95,10.05,9.76,28.45M,-0.51%
2024/5/13,9.86,10.08,10.08,9.84,36.03M,-3.80%
2024/5/10,10.25,10.46,10.58,10.21,40.57M,-2.94%
2024/5/9,10.56,10.38,10.82,10.35,55.13M,3.94%
2024/5/8,10.16,10.44,10.45,10.12,33.35M,-3.33%
2024/5/7,10.51,10.4,10.59,10.4,36.06M,0.48%
2024/5/6,10.46,10.51,10.68,10.42,42.29M,2.05%
2024/4/30,10.25,10.58,10.58,10.23,41.83M,-3.12%
2024/4/29,10.58,9.95,10.65,9.92,82.93M,6.87%
2024/4/26,9.9,9.7,9.97,9.63,47.78M,1.02%
2024/4/25,9.8,9.33,9.94,9.32,60.31M,4.14%
2024/4/24,9.41,9.42,9.45,9.2,40.22M,-0.21%
2024/4/23,9.43,9.7,9.78,9.41,44.81M,-2.38%
2024/4/22,9.66,9.9,10.01,9.62,55.56M,-4.73%
2024/4/19,10.14,10.11,10.59,9.74,83.13M,-2.41%
2024/4/18,10.39,11.05,11.06,10.21,119.76M,-10.82%
2024/4/17,11.65,11.35,11.78,11.31,50.26M,5.14%
2024/4/16,11.08,11.86,12.13,11.05,67.75M,-9.11%
2024/4/15,12.19,11.51,12.66,11.51,86.99M,5.82%
2024/4/12,11.52,12.23,12.25,11.51,65.95M,-6.34%
2024/4/11,12.3,12.1,12.54,11.8,84.29M,5.58%
2024/4/10,11.65,12.01,12.03,11.53,27.38M,-2.27%
2024/4/9,11.92,11.18,12.07,11.18,46.21M,5.49%
2024/4/8,11.3,11.58,12.02,11.28,34.66M,-4.24%
2024/4/3,11.8,12.07,12.33,11.73,48.30M,-0.92%
2024/4/2,11.91,11.55,12.04,11.42,40.20M,3.12%
2024/4/1,11.55,11.12,11.58,11.12,30.10M,4.24%
2024/3/29,11.08,11.03,11.26,10.93,19.20M,0.09%
2024/3/28,11.07,10.94,11.26,10.91,21.06M,1.10%
2024/3/27,10.95,11.5,11.62,10.95,23.90M,-5.68%
2024/3/26,11.61,11.07,11.85,11.07,36.65M,5.07%
2024/3/25,11.05,11.42,11.46,11.03,25.75M,-3.58%
2024/3/22,11.46,11.91,11.97,11.45,26.51M,-4.02%
2024/3/21,11.94,12.18,12.23,11.81,23.34M,-1.65%
2024/3/20,12.14,12.17,12.33,12.01,19.60M,-0.25%
2024/3/19,12.17,12.4,12.43,12.16,22.84M,-2.25%
2024/3/18,12.45,12.38,12.52,12.24,24.49M,2.22%
2024/3/15,12.18,12.2,12.23,11.89,23.78M,-0.33%
2024/3/14,12.22,12.46,12.65,12.12,22.60M,-2.86%
2024/3/13,12.58,12.58,12.73,12.43,22.50M,-1.18%
2024/3/12,12.73,12.65,12.82,12.45,39.06M,0.39%
2024/3/11,12.68,11.89,12.83,11.89,49.97M,7.64%
2024/3/8,11.78,11.78,11.98,11.58,17.15M,0.00%
2024/3/7,11.78,12.29,12.35,11.78,18.56M,-3.36%
2024/3/6,12.19,12.02,12.46,11.93,15.31M,0.83%
2024/3/5,12.09,12.17,12.21,12.02,17.91M,-1.87%
2024/3/4,12.32,12.34,12.55,12.2,16.14M,-0.56%
2024/3/1,12.39,12.38,12.53,12.24,20.25M,1.06%
2024/2/29,12.26,11.8,12.47,11.79,34.13M,2.42%
2024/2/28,11.97,12.38,12.87,11.95,36.34M,-2.68%
2024/2/27,12.3,12.03,12.3,11.92,21.59M,2.16%
2024/2/26,12.04,12.1,12.23,11.91,22.02M,-0.33%
2024/2/23,12.08,12,12.2,11.86,23.99M,0.00%
2024/2/22,12.08,11.91,12.15,11.86,16.05M,0.92%
2024/2/21,11.97,11.88,12.38,11.79,21.27M,0.25%
2024/2/20,11.94,12,12.11,11.78,16.41M,-1.57%
2024/2/19,12.13,12.6,12.66,12.02,27.07M,-2.65%
2024/2/8,12.46,12.14,13.16,12.05,37.07M,2.55%
2024/2/7,12.15,10.96,12.16,10.88,41.47M,10.66%
2024/2/6,10.98,9.75,10.98,9.65,31.88M,11.47%
2024/2/5,9.85,10.04,10.38,9.13,32.32M,-2.86%
2024/2/2,10.14,10.58,10.73,9.81,22.78M,-4.43%
2024/2/1,10.61,10.74,10.95,10.54,20.06M,-2.48%
2024/1/31,10.88,10.92,11.3,10.88,22.62M,-0.37%
2024/1/30,10.92,11.31,11.45,10.9,16.99M,-3.79%
2024/1/29,11.35,11.9,12.01,11.31,18.50M,-4.70%
2024/1/26,11.91,12.2,12.4,11.9,16.59M,-2.85%
2024/1/25,12.26,11.93,12.3,11.76,16.91M,2.25%
2024/1/24,11.99,12.2,12.32,11.57,22.30M,-1.07%
2024/1/23,12.12,12.1,12.48,11.88,17.45M,-0.74%
2024/1/22,12.21,13.09,13.12,12.05,23.58M,-7.29%
2024/1/19,13.17,13.48,13.75,13.17,12.23M,-2.52%
2024/1/18,13.51,13.33,13.55,13.08,15.43M,0.45%
2024/1/17,13.45,14.01,14.02,13.45,16.53M,-4.41%
2024/1/16,14.07,14.07,14.29,13.86,12.77M,0.00%
2024/1/15,14.07,14.28,14.32,13.98,10.92M,-1.75%
2024/1/12,14.32,14.23,14.6,14.16,16.78M,0.63%
2024/1/11,14.23,13.88,14.5,13.73,21.51M,3.04%
2024/1/10,13.81,13.73,14.15,13.5,16.22M,-0.07%
2024/1/9,13.82,13.9,14.25,13.66,16.36M,-0.22%
2024/1/8,13.85,14.31,14.67,13.8,18.61M,-3.82%
2024/1/5,14.4,14.5,14.98,14.34,16.12M,-1.44%
2024/1/4,14.61,15.01,15.05,14.51,16.12M,-2.73%
2024/1/3,15.02,15,15.16,14.87,14.27M,-0.07%
2024/1/2,15.03,15.39,15.42,15.03,15.29M,-2.53%
2023/12/29,15.42,15.49,15.66,15.37,20.56M,-1.03%
2023/12/28,15.58,14.28,15.75,14.23,43.99M,9.10%
2023/12/27,14.28,14.2,14.34,14.12,7.30M,0.63%
2023/12/26,14.19,14.36,14.46,14.14,7.69M,-1.46%
2023/12/25,14.4,14.5,14.6,14.26,10.28M,-1.10%
2023/12/22,14.56,14.4,14.88,14.05,18.71M,1.75%
2023/12/21,14.31,13.83,14.35,13.8,14.28M,3.17%
2023/12/20,13.87,14.11,14.22,13.86,10.44M,-1.77%
2023/12/19,14.12,14.14,14.25,14,9.06M,0.43%
2023/12/18,14.06,14.45,14.49,14.02,13.29M,-3.10%
2023/12/15,14.51,14.45,14.78,14.45,15.66M,0.69%
2023/12/14,14.41,14.56,14.74,14.38,14.31M,-1.10%
2023/12/13,14.57,15.28,15.3,14.4,33.50M,-5.70%
2023/12/12,15.45,15.13,15.54,15.06,25.38M,1.91%
2023/12/11,15.16,14.77,15.2,14.58,23.37M,2.09%
2023/12/8,14.85,15.1,15.15,14.72,17.88M,-1.26%
2023/12/7,15.04,14.92,15.11,14.73,21.01M,0.13%
2023/12/6,15.02,14.09,15.18,14.09,49.43M,5.63%
2023/12/5,14.22,14.21,14.5,14.11,12.79M,-0.42%
2023/12/4,14.28,14.71,14.8,14.26,26.94M,-3.51%
2023/12/1,14.8,14.91,15.04,14.67,17.73M,-1.07%
2023/11/30,14.96,14.68,15.27,14.62,28.88M,1.29%
2023/11/29,14.77,15.4,15.57,14.74,57.53M,-7.51%
2023/11/28,15.97,15.32,16,15.06,54.66M,4.04%
2023/11/27,15.35,14.61,15.39,14.56,43.55M,4.99%
2023/11/24,14.62,14.5,14.71,14.31,16.92M,0.62%
2023/11/23,14.53,14.44,14.57,14.39,11.25M,0.69%
2023/11/22,14.43,14.79,14.88,14.43,21.11M,-2.83%
2023/11/21,14.85,15.13,15.22,14.83,18.85M,-1.39%
2023/11/20,15.06,15.29,15.34,14.97,15.70M,-1.57%
2023/11/17,15.3,14.96,15.42,14.96,15.49M,1.46%
2023/11/16,15.08,15.45,15.48,15.08,16.56M,-2.58%
2023/11/15,15.48,15.45,15.77,15.38,26.90M,2.04%
2023/11/14,15.17,15.3,15.4,15.11,14.23M,-1.11%
2023/11/13,15.34,15.22,15.45,15.18,13.59M,0.79%
2023/11/10,15.22,15.5,15.53,15.16,16.28M,-1.87%
2023/11/9,15.51,15.23,15.63,15.17,24.42M,1.84%
2023/11/8,15.23,15.24,15.47,15.15,19.75M,-0.33%
2023/11/7,15.28,15.38,15.38,15.12,19.69M,-0.71%
2023/11/6,15.39,14.92,15.5,14.92,28.43M,2.74%
2023/11/3,14.98,15.02,15.16,14.91,17.22M,0.27%
2023/11/2,14.94,15.53,15.56,14.91,28.81M,-3.86%
2023/11/1,15.54,15.47,15.67,15.23,24.16M,1.17%
2023/10/31,15.36,15.53,15.72,15.32,29.33M,-2.29%
2023/10/30,15.72,15.1,15.97,15.1,56.12M,2.75%
2023/10/27,15.3,14.4,15.56,14.35,58.02M,5.66%
2023/10/26,14.48,14.16,14.59,13.9,30.97M,-0.07%
2023/10/25,14.49,14.45,14.93,14.41,27.60M,1.40%
2023/10/24,14.29,14.49,14.57,14.09,25.37M,-1.24%
2023/10/23,14.47,14.85,14.85,14.3,27.16M,-2.62%
2023/10/20,14.86,14.31,15.12,14.31,45.57M,2.48%
2023/10/19,14.5,14.5,14.79,14.42,25.95M,-0.28%
2023/10/18,14.54,14.51,15.02,14.51,42.51M,-2.02%
2023/10/17,14.84,13.8,15.3,13.71,78.63M,11.50%
2023/10/16,13.31,13.64,13.75,13.25,15.28M,-2.63%
2023/10/13,13.67,13.59,13.75,13.48,18.53M,-0.15%
2023/10/12,13.69,13.18,13.82,13.07,31.28M,4.58%
2023/10/11,13.09,13.12,13.25,13.06,12.25M,0.31%
2023/10/10,13.05,13.03,13.23,13.03,11.52M,0.38%
2023/10/9,13,13.03,13.1,12.9,10.66M,-0.54%
2023/9/28,13.07,13.03,13.2,12.95,10.68M,0.62%
2023/9/27,12.99,12.9,13.25,12.84,16.72M,0.54%
2023/9/26,12.92,13.1,13.13,12.91,9.97M,-1.37%
2023/9/25,13.1,13.21,13.25,13.02,11.75M,-0.76%
2023/9/22,13.2,12.97,13.2,12.92,12.68M,1.69%
2023/9/21,12.98,13.07,13.19,12.95,8.88M,-1.14%
2023/9/20,13.13,13.16,13.27,13.12,6.84M,-0.45%
2023/9/19,13.19,13.44,13.45,13.14,9.03M,-1.79%
2023/9/18,13.43,13.18,13.61,13.1,13.38M,1.74%
2023/9/15,13.2,13.35,13.42,13.17,11.56M,-0.98%
2023/9/14,13.33,13.51,13.54,13.28,9.67M,-1.70%
2023/9/13,13.56,13.75,13.76,13.46,8.16M,-1.38%
2023/9/12,13.75,13.67,13.88,13.58,8.86M,0.88%
2023/9/11,13.63,13.46,13.75,13.33,13.82M,1.26%
2023/9/8,13.46,13.63,13.77,13.44,9.54M,-1.61%
2023/9/7,13.68,14,14.04,13.68,12.72M,-2.77%
2023/9/6,14.07,13.88,14.1,13.75,10.74M,1.15%
2023/9/5,13.91,13.99,14.07,13.83,11.75M,-0.93%
2023/9/4,14.04,13.87,14.04,13.73,15.41M,1.52%
2023/9/1,13.83,14.08,14.21,13.66,13.55M,-1.57%
2023/8/31,14.05,14.16,14.16,13.95,9.60M,-0.78%
2023/8/30,14.16,14.17,14.35,14.08,12.42M,0.07%
2023/8/29,14.15,13.67,14.25,13.66,19.09M,3.51%
2023/8/28,13.67,14.42,14.69,13.61,18.24M,-0.94%
2023/8/25,13.8,13.85,14.04,13.69,9.12M,-1.08%
2023/8/24,13.95,14.03,14.19,13.86,11.81M,-0.57%
2023/8/23,14.03,14.45,14.45,14.01,11.95M,-3.31%
2023/8/22,14.51,14.85,14.93,14.29,18.94M,-1.89%
2023/8/21,14.79,14.9,15.04,14.79,10.74M,-0.87%
2023/8/18,14.92,15.14,15.19,14.9,9.84M,-1.65%
2023/8/17,15.17,15.07,15.2,14.72,12.20M,0.53%
2023/8/16,15.09,15.21,15.45,15.08,11.53M,-1.18%
2023/8/15,15.27,15.68,15.88,15.21,20.28M,-2.74%
2023/8/14,15.7,16.21,16.25,15.42,22.30M,-3.56%
2023/8/11,16.28,16.54,16.68,16.28,9.68M,-1.45%
2023/8/10,16.52,16.59,16.8,16.4,10.41M,-0.24%
2023/8/9,16.56,16.72,16.8,16.55,7.35M,-0.96%
2023/8/8,16.72,16.8,16.8,16.59,6.19M,-0.59%
2023/8/7,16.82,16.89,16.99,16.75,7.54M,-0.83%
2023/8/4,16.96,16.98,17.1,16.81,12.12M,0.36%
2023/8/3,16.9,16.62,16.91,16.62,10.69M,1.26%
2023/8/2,16.69,16.77,16.87,16.66,6.76M,-0.54%
2023/8/1,16.78,16.91,16.99,16.65,10.24M,-1.18%
2023/7/31,16.98,16.85,17.1,16.76,16.13M,0.89%
2023/7/28,16.83,16.68,16.85,16.35,14.22M,0.66%
2023/7/27,16.72,16.7,17.12,16.67,14.31M,0.48%
2023/7/26,16.64,16.65,16.73,16.51,7.56M,0.00%
2023/7/25,16.64,16.33,16.68,16.3,16.30M,2.84%
2023/7/24,16.18,16.43,16.47,16.17,13.14M,-1.94%
2023/7/21,16.5,16.63,16.71,16.26,13.93M,-1.73%
2023/7/20,16.79,16.49,17.38,16.49,30.08M,2.25%
2023/7/19,16.42,16.69,16.73,16.3,12.55M,-1.68%
2023/7/18,16.7,16.69,16.88,16.56,10.37M,-0.24%
2023/7/17,16.74,16.98,16.99,16.6,12.82M,-1.88%
2023/7/14,17.06,17.53,17.55,17.02,21.90M,-2.57%
2023/7/13,17.51,17.25,17.58,17.2,18.42M,2.04%
2023/7/12,17.16,17.43,17.51,17.12,11.61M,-1.04%
2023/7/11,17.34,16.96,17.37,16.83,15.87M,2.30%
2023/7/10,16.95,16.67,17.17,16.67,13.36M,2.36%
2023/7/7,16.56,16.78,16.87,16.51,12.41M,-1.78%
2023/7/6,16.86,17.2,17.2,16.78,14.11M,-1.92%
2023/7/5,17.19,17.33,17.39,17.13,9.89M,-0.46%
2023/7/4,17.27,17.3,17.39,17.12,11.31M,0.12%
2023/7/3,17.25,17.29,17.56,17.2,16.39M,0.35%
2023/6/30,17.19,16.83,17.33,16.77,18.22M,2.14%
2023/6/29,16.83,16.98,17.19,16.8,14.20M,-1.00%
2023/6/28,17,16.84,17.18,16.71,14.77M,1.01%
2023/6/27,16.83,16.96,17.08,16.65,12.43M,-0.41%
2023/6/26,16.9,16.5,17.22,16.45,20.68M,1.87%
2023/6/21,16.59,17.19,17.37,16.57,16.82M,-3.43%
2023/6/20,17.18,16.76,17.35,16.62,20.22M,2.87%
2023/6/19,16.7,16.87,17.01,16.62,13.35M,-0.95%
2023/6/16,16.86,16.85,16.99,16.68,17.04M,0.60%
2023/6/15,16.76,16.16,16.83,16.03,22.47M,4.10%
2023/6/14,16.1,16.5,16.57,16.1,13.12M,-2.25%
2023/6/13,16.47,16.52,16.73,16.43,8.13M,-0.72%
2023/6/12,16.59,16.18,16.7,16.08,15.53M,2.09%
2023/6/9,16.25,16.01,16.45,16,21.95M,1.56%
2023/6/8,16,16.24,16.39,15.99,14.68M,-1.05%
2023/6/7,16.17,16.6,16.72,16.11,12.20M,-2.53%
2023/6/6,16.59,16.85,16.92,16.59,9.92M,-1.25%
2023/6/5,16.8,16.85,16.9,16.52,9.54M,-0.30%
2023/6/2,16.85,16.2,16.93,16.18,20.70M,4.33%
2023/6/1,16.15,16.17,16.46,16.03,13.40M,-0.19%
2023/5/31,16.18,16.4,16.41,16.04,11.33M,-1.40%
2023/5/30,16.41,16.35,16.48,15.95,12.32M,-0.12%
2023/5/29,16.43,16.75,16.79,16.33,11.14M,-1.62%
2023/5/26,16.7,17.09,17.1,16.69,12.73M,-2.17%
2023/5/25,17.07,17.05,17.22,16.92,9.26M,-0.41%
2023/5/24,17.14,17.1,17.34,16.93,10.63M,0.06%
2023/5/23,17.13,17.4,17.44,17.12,8.53M,-1.27%
2023/5/22,17.35,17.52,17.64,17.3,9.53M,-1.53%
2023/5/19,17.62,17.5,17.67,17.33,9.77M,1.03%
2023/5/18,17.44,17.68,17.79,17.33,11.12M,-1.52%
2023/5/17,17.71,17.83,17.99,17.56,11.14M,-0.73%
2023/5/16,17.84,17.89,17.95,17.7,9.47M,-0.11%
2023/5/15,17.86,17.44,18.09,17.44,19.74M,1.77%
2023/5/12,17.55,17.63,17.94,17.43,14.83M,-0.90%
2023/5/11,17.71,17.29,17.73,17.21,19.85M,2.19%
2023/5/10,17.33,16.78,17.46,16.7,17.23M,3.03%
2023/5/9,16.82,17.16,17.29,16.81,10.76M,-2.10%
2023/5/8,17.18,17.08,17.34,17.03,13.00M,0.41%
2023/5/5,17.11,17.12,17.27,16.85,10.37M,-0.75%
2023/5/4,17.24,17.12,17.48,17.08,10.38M,0.06%
2023/4/28,17.23,17.5,17.68,17.11,19.30M,-1.99%
2023/4/27,17.58,17.6,17.79,17.18,20.66M,1.91%
2023/4/26,17.25,16.45,17.78,16.31,32.65M,4.04%
2023/4/25,16.58,17.37,17.4,16.36,26.62M,-4.22%
2023/4/24,17.31,17.81,17.99,17.17,18.87M,-2.15%
2023/4/21,17.69,17.9,18.27,17.61,17.60M,-0.67%
2023/4/20,17.81,18.5,18.51,17.7,25.12M,-3.94%
2023/4/19,18.54,18.74,18.84,18.46,15.47M,-1.80%
2023/4/18,18.88,18.75,19.38,18.71,20.84M,0.85%
2023/4/17,18.72,18.79,19.08,18.62,13.27M,-0.69%
2023/4/14,18.85,18.44,19.09,18.38,21.18M,2.28%
2023/4/13,18.43,18.8,18.93,18.42,14.33M,-2.64%
2023/4/12,18.93,19.18,19.25,18.79,15.54M,-1.30%
2023/4/11,19.18,19.19,19.64,19.1,16.22M,-0.62%
2023/4/10,19.3,18.79,19.33,18.77,21.92M,2.88%
2023/4/7,18.76,18.72,19.09,18.68,11.60M,-0.11%
2023/4/6,18.78,18.62,18.84,18.37,13.83M,0.59%
2023/4/4,18.67,19.16,19.16,18.45,28.71M,-2.66%
2023/4/3,19.18,19.2,19.38,18.97,21.70M,-0.31%
2023/3/31,19.24,19.03,19.5,19.03,19.42M,0.94%
2023/3/30,19.06,19.6,19.64,18.88,28.59M,-3.40%
2023/3/29,19.73,19.21,19.95,19.21,25.68M,2.39%
2023/3/28,19.27,19.65,19.75,19.19,15.09M,-1.98%
2023/3/27,19.66,19.68,19.85,19.41,13.00M,-0.41%
2023/3/24,19.74,19.66,19.88,19.5,14.43M,0.77%
2023/3/23,19.59,19.61,19.96,19.43,15.37M,-0.41%
2023/3/22,19.67,19.62,20.16,19.58,20.78M,0.00%
2023/3/21,19.67,19.29,19.71,19.06,19.57M,2.50%
2023/3/20,19.19,19,19.52,18.65,16.03M,1.00%
2023/3/17,19,19.1,19.33,18.94,13.19M,0.00%
2023/3/16,19,19.48,19.75,19,18.06M,-3.06%
2023/3/15,19.6,19.54,20.11,19.51,16.89M,0.36%
2023/3/14,19.53,19.35,19.65,18.91,24.13M,0.88%
2023/3/13,19.36,19.6,19.74,19.21,16.64M,-1.73%
2023/3/10,19.7,19.86,20.05,19.46,15.33M,-1.25%
2023/3/9,19.95,19.92,20.15,19.7,20.72M,0.30%
2023/3/8,19.89,20.18,20.44,19.87,21.66M,-1.87%
2023/3/7,20.27,20.63,20.64,20.26,12.51M,-1.79%
2023/3/6,20.64,20.7,20.77,20.26,16.46M,-0.10%
2023/3/3,20.66,20.74,20.88,20.5,12.72M,-0.43%
2023/3/2,20.75,21.29,21.29,20.69,16.20M,-2.49%
2023/3/1,21.28,21.25,21.36,20.96,11.41M,0.14%
2023/2/28,21.25,20.93,21.25,20.78,14.18M,1.67%
2023/2/27,20.9,21.11,21.21,20.84,11.42M,-1.55%
2023/2/24,21.23,21.35,21.5,21.16,9.72M,-0.56%
2023/2/23,21.35,21.12,21.42,21.12,16.04M,0.47%
2023/2/22,21.25,21.24,21.54,21.17,20.05M,0.14%
2023/2/21,21.22,21.02,21.38,20.92,21.31M,1.19%
2023/2/20,20.97,21.08,21.2,20.51,32.24M,-1.08%
2023/2/17,21.2,21.43,21.65,21.19,13.54M,-1.03%
2023/2/16,21.42,21.68,21.98,21.28,18.16M,-1.65%
2023/2/15,21.78,22.5,22.67,21.75,27.37M,-2.98%
2023/2/14,22.45,22.17,22.51,22.13,16.41M,1.08%
2023/2/13,22.21,22,22.28,21.96,15.20M,0.50%
2023/2/10,22.1,22.8,22.8,22.09,27.19M,-3.07%
2023/2/9,22.8,22.61,22.92,22.51,24.63M,0.26%
2023/2/8,22.74,22.86,23.12,22.71,18.08M,-1.04%
2023/2/7,22.98,23,23.13,22.73,25.69M,-0.35%
2023/2/6,23.06,23.58,23.66,22.88,27.57M,-3.11%
2023/2/3,23.8,24.49,24.56,23.23,36.84M,-1.57%
2023/2/2,24.18,24.05,24.2,23.61,27.75M,0.54%
2023/2/1,24.05,23.46,24.58,23.32,55.27M,3.44%
2023/1/31,23.25,22.85,23.5,22.5,38.45M,0.17%
2023/1/30,23.21,24.5,24.9,23.08,53.12M,-1.82%
2023/1/20,23.64,23.08,23.69,22.81,19.19M,3.10%
2023/1/19,22.93,23.01,23.21,22.82,12.73M,-0.74%
2023/1/18,23.1,23.3,23.65,23.09,12.25M,-0.90%
2023/1/17,23.31,23.16,23.72,23.06,13.80M,0.78%
2023/1/16,23.13,23.44,23.85,22.93,22.91M,-0.90%
2023/1/13,23.34,23.98,24.54,23.1,23.36M,-2.06%
2023/1/12,23.83,23.08,24.06,23.08,21.81M,2.94%
2023/1/11,23.15,23.7,23.88,23.01,16.70M,-2.65%
2023/1/10,23.78,23.21,23.98,22.71,26.66M,2.50%
2023/1/9,23.2,23.43,23.91,23.16,21.31M,-0.73%
2023/1/6,23.37,23,23.72,22.61,33.89M,2.59%
2023/1/5,22.78,21.2,23.09,21.02,43.47M,8.42%
2023/1/4,21.01,21.18,21.31,20.52,22.88M,-1.91%
2023/1/3,21.42,21.25,21.48,20.53,22.75M,0.75%
2022/12/30,21.26,21.78,22.47,21.16,21.93M,-2.43%
2022/12/29,21.79,21.76,22.35,21.71,15.29M,0.18%
2022/12/28,21.75,22.21,22.26,21.21,18.45M,-1.94%
2022/12/27,22.18,22.22,22.69,21.91,15.11M,0.05%
2022/12/26,22.17,20.81,22.19,20.79,19.37M,6.23%
2022/12/23,20.87,20.8,21.28,20.45,19.54M,-1.46%
2022/12/22,21.18,22.45,22.63,21.01,26.50M,-5.53%
2022/12/21,22.42,21.9,22.7,21.71,20.63M,1.82%
2022/12/20,22.02,22.2,22.67,21.88,15.07M,-2.13%
2022/12/19,22.5,22.31,23.2,22.24,17.63M,0.67%
2022/12/16,22.35,22.8,23.02,22.15,14.99M,-2.91%
2022/12/15,23.02,22.22,23.1,21.98,21.81M,2.72%
2022/12/14,22.41,22.6,22.83,22.2,19.00M,-1.23%
2022/12/13,22.69,23.44,23.6,22.43,28.72M,-3.65%
2022/12/12,23.55,24.2,24.32,23.44,23.90M,-3.25%
2022/12/9,24.34,24.4,24.88,23.95,34.79M,-1.22%
2022/12/8,24.64,24.4,24.81,24.18,29.61M,0.24%
2022/12/7,24.58,23.31,24.93,23.31,50.44M,4.20%
2022/12/6,23.59,22.5,23.69,22.21,36.08M,4.01%
2022/12/5,22.68,23.2,23.4,22.47,28.07M,-2.79%
2022/12/2,23.33,23.1,24.06,22.95,31.71M,0.30%
2022/12/1,23.26,23.1,23.65,23.08,28.71M,1.71%
2022/11/30,22.87,22.25,22.88,22.19,23.91M,2.28%
2022/11/29,22.36,22.48,22.75,22.2,28.24M,-0.62%
2022/11/28,22.5,21.96,22.58,21.67,30.71M,1.44%
2022/11/25,22.18,22.66,23.1,22.1,26.06M,-2.55%
2022/11/24,22.76,22.44,23.08,22.36,33.30M,0.31%
2022/11/23,22.69,21.98,23.1,21.86,53.89M,3.61%
2022/11/22,21.9,22.44,24,21.88,94.98M,2.96%
2022/11/21,21.27,20.18,21.68,20.12,27.64M,3.96%
2022/11/18,20.46,21.03,21.24,20.43,22.56M,-2.57%
2022/11/17,21,21.51,21.55,20.68,24.16M,-3.05%
2022/11/16,21.66,22.2,22.38,21.55,17.19M,-2.39%
2022/11/15,22.19,21.21,22.2,21.1,24.94M,4.47%
2022/11/14,21.24,22.01,22.17,21.1,22.09M,-3.28%
2022/11/11,21.96,22.11,22.48,21.6,28.16M,2.57%
2022/11/10,21.41,21.98,22.2,21.3,23.24M,-2.90%
2022/11/9,22.05,23.1,23.19,22,29.33M,-3.63%
2022/11/8,22.88,21.9,23.27,21.89,53.42M,3.91%
2022/11/7,22.02,21.38,22.48,21.36,40.31M,2.99%
2022/11/4,21.38,20.26,21.56,20.26,36.90M,5.53%
2022/11/3,20.26,19.9,20.6,19.81,21.63M,0.60%
2022/11/2,20.14,19.5,20.24,19.45,27.94M,2.49%
2022/11/1,19.65,18.57,19.69,18.41,33.12M,6.27%
2022/10/31,18.49,18.11,18.96,18.11,20.53M,-0.43%
2022/10/28,18.57,19.7,19.7,18.42,41.21M,-6.96%
2022/10/27,19.96,20.24,20.82,19.95,26.28M,-0.89%
2022/10/26,20.14,19.99,20.64,19.71,30.96M,1.05%
2022/10/25,19.93,19.66,20.28,19.2,24.86M,0.20%
2022/10/24,19.89,20.01,20.72,19.82,28.30M,0.10%
2022/10/21,19.87,20.44,20.44,19.85,29.82M,-3.03%
2022/10/20,20.49,21.64,21.64,20.25,46.68M,-5.53%
2022/10/19,21.69,20.96,22.06,20.69,55.45M,3.14%
2022/10/18,21.03,20.76,21.12,20.34,35.74M,1.94%
2022/10/17,20.63,21,21.14,20.21,43.34M,-3.33%
2022/10/14,21.34,21,21.4,20.53,30.06M,2.45%
2022/10/13,20.83,20.58,21.37,20.45,26.40M,0.63%
2022/10/12,20.7,19.89,20.75,19.3,26.97M,4.07%
2022/10/11,19.89,19.54,20.34,19.42,27.33M,2.84%
2022/10/10,19.34,20,20.45,19.15,22.75M,-3.40%
2022/9/30,20.02,20.58,20.66,19.8,21.47M,-3.10%
2022/9/29,20.66,20.43,20.82,20.31,21.88M,2.28%
2022/9/28,20.2,21.02,21.1,20.2,18.35M,-4.36%
2022/9/27,21.12,21,21.19,20.5,22.57M,1.15%
2022/9/26,20.88,20.27,21.65,20.15,35.94M,1.95%
2022/9/23,20.48,20.65,20.9,20.09,17.20M,-0.53%
2022/9/22,20.59,20.5,20.96,20.31,16.97M,0.24%
2022/9/21,20.54,20.7,20.83,20.35,14.53M,-1.01%
2022/9/20,20.75,20.38,21.06,20.27,22.95M,3.23%
2022/9/19,20.1,20.35,20.76,19.95,19.25M,-1.71%
2022/9/16,20.45,20.67,20.81,20.2,21.46M,-0.78%
2022/9/15,20.61,21.85,21.93,20.39,40.42M,-5.20%
2022/9/14,21.74,21.66,21.93,21.36,25.51M,-1.98%
2022/9/13,22.18,23.1,23.13,21.96,29.62M,-3.52%
2022/9/9,22.99,22.39,23.07,22.2,22.58M,3.14%
2022/9/8,22.29,23.58,23.7,22.17,40.25M,-6.15%
2022/9/7,23.75,22.81,24.1,22.7,34.62M,3.40%
2022/9/6,22.97,22.89,23.1,22.27,21.91M,0.88%
2022/9/5,22.77,22.45,22.91,22.23,16.77M,1.25%
2022/9/2,22.49,22.6,22.83,22.31,19.34M,0.18%
2022/9/1,22.45,22.69,23.2,22.34,24.43M,-2.81%
2022/8/31,23.1,22.85,23.59,22.5,35.30M,0.70%
2022/8/30,22.94,23.21,23.34,22.68,18.09M,-1.55%
2022/8/29,23.3,22.88,23.44,22.78,18.51M,-0.13%
2022/8/26,23.33,23.64,23.93,23.25,20.12M,-1.06%
2022/8/25,23.58,23.66,24.08,23.15,23.72M,-0.92%
2022/8/24,23.8,24.82,25.13,23.8,30.48M,-4.88%
2022/8/23,25.02,25.3,25.68,24.31,38.84M,-1.38%
2022/8/22,25.37,24.42,25.5,24.14,45.48M,3.51%
2022/8/19,24.51,26,26.25,24.2,69.80M,-6.63%
2022/8/18,26.25,27.1,27.45,25.89,49.42M,-3.28%
2022/8/17,27.14,29.54,29.68,26.68,59.84M,-7.09%
2022/8/16,29.21,28.64,30.15,28.41,31.23M,1.53%
2022/8/15,28.77,27.03,29.07,26.93,37.66M,6.28%
2022/8/12,27.07,27.65,27.85,26.98,18.38M,-3.08%
2022/8/11,27.93,27.33,27.95,26.25,34.53M,2.61%
2022/8/10,27.22,29.1,29.1,26.99,47.06M,-6.46%
2022/8/9,29.1,29.4,29.99,28.8,22.14M,-1.72%
2022/8/8,29.61,29.34,30.05,29,18.73M,0.89%
2022/8/5,29.35,28.83,29.69,28.72,13.31M,1.91%
2022/8/4,28.8,29.3,29.44,28.23,14.80M,-0.62%
2022/8/3,28.98,29.67,30.7,28.9,22.50M,-2.33%
2022/8/2,29.67,30.2,30.91,29.37,29.58M,-3.82%
2022/8/1,30.85,28.15,30.98,27.61,37.10M,8.32%
2022/7/29,28.48,28.99,29.7,28.32,19.27M,-1.18%
2022/7/28,28.82,29.58,29.71,28.2,19.93M,-1.30%
2022/7/27,29.2,29.68,29.78,28.9,15.18M,-0.98%
2022/7/26,29.49,29.31,30.11,29,21.05M,1.38%
2022/7/25,29.09,29.01,29.88,28.35,19.34M,1.01%
2022/7/22,28.8,29.59,29.66,28.45,16.84M,-1.00%
2022/7/21,29.09,29.77,30.36,29.09,19.33M,-2.90%
2022/7/20,29.96,30.96,31.24,29.56,25.07M,-1.45%
2022/7/19,30.4,30.21,31.3,30.01,22.78M,1.30%
2022/7/18,30.01,32.47,32.47,29.18,40.46M,-7.12%
2022/7/15,32.31,32.8,33.18,32.07,19.88M,-1.55%
2022/7/14,32.82,30.53,33.24,30.35,35.69M,7.40%
2022/7/13,30.56,30.2,30.85,29.18,25.90M,0.39%
2022/7/12,30.44,31.35,31.86,30.08,21.41M,-3.15%
2022/7/11,31.43,31.34,32.12,30.4,26.58M,-1.47%
2022/7/8,31.9,33.3,33.9,31.61,39.30M,-5.00%
2022/7/7,33.58,33.8,33.98,32.7,50.76M,1.76%
2022/7/6,33,31.87,33.52,31.63,73.03M,8.70%
2022/7/5,30.36,30.7,31.2,29.8,26.53M,-1.11%
2022/7/4,30.7,28.81,31.2,28.55,35.05M,5.43%
2022/7/1,29.12,29.2,29.76,28.97,16.20M,0.28%
2022/6/30,29.04,28.81,29.48,28.61,17.27M,1.54%
2022/6/29,28.6,29.26,29.67,28.11,27.09M,-2.79%
2022/6/28,29.42,29.53,29.8,28.71,25.63M,-0.03%
2022/6/27,29.43,30.91,31.08,29.35,36.00M,-4.51%
2022/6/24,30.82,30.8,31.09,30.33,22.91M,0.36%
2022/6/23,30.71,29.01,31.22,29.01,31.91M,4.67%
2022/6/22,29.34,28.82,30.05,28.48,28.65M,2.98%
2022/6/21,28.49,29.61,29.61,28.06,27.23M,-3.33%
2022/6/20,29.47,29.99,31.1,29.26,38.62M,-0.87%
2022/6/17,29.73,27.95,29.8,27.81,27.27M,5.61%
2022/6/16,28.15,27.4,28.9,27.32,26.62M,4.26%
2022/6/15,27,27.56,28.11,26.62,21.30M,-1.60%
2022/6/14,27.44,27.3,27.97,26.9,19.58M,-2.00%
2022/6/13,28,26.9,28.28,26.6,26.29M,2.75%
2022/6/10,27.25,25.92,27.49,25.9,25.28M,3.77%
2022/6/9,26.26,26.69,27.28,26.1,19.45M,-1.50%
2022/6/8,26.66,26.3,26.99,25.68,22.74M,1.37%
2022/6/7,26.3,26.8,27.08,25.87,24.72M,-2.23%
2022/6/6,26.9,25.8,27.15,25.63,30.28M,3.94%
2022/6/2,25.88,24.11,26.23,24.04,33.59M,6.41%
2022/6/1,24.32,23.99,24.75,23.34,21.07M,1.38%
2022/5/31,23.99,23.06,24.06,22.91,21.18M,3.32%
2022/5/30,23.22,22.89,23.34,22.62,16.77M,2.52%
2022/5/27,22.65,22.72,23.45,22.5,16.56M,-0.09%
2022/5/26,22.67,22.56,22.9,21.51,20.87M,0.58%
2022/5/25,22.54,22.35,23,22.1,22.06M,1.08%
2022/5/24,22.3,23.75,23.82,22.25,31.00M,-6.38%
2022/5/23,23.82,24.12,24.16,23.31,16.36M,-1.24%
2022/5/20,24.12,24.1,24.7,23.48,21.41M,1.22%
2022/5/19,23.83,22.97,23.88,22.8,18.83M,1.27%
2022/5/18,23.53,23.53,23.8,23.2,14.28M,-0.13%
2022/5/17,23.56,22.6,23.7,22.58,21.58M,4.39%
2022/5/16,22.57,23.38,23.61,22.5,15.39M,-2.25%
2022/5/13,23.09,23,23.35,22.62,14.55M,1.41%
2022/5/12,22.77,22.7,23.33,22.6,14.74M,-1.26%
2022/5/11,23.06,22.19,23.98,21.98,34.04M,5.44%
2022/5/10,21.87,20.87,22.09,20.76,21.19M,3.36%
2022/5/9,21.16,21.49,21.6,20.9,18.33M,-1.63%
2022/5/6,21.51,20.6,22.12,20.5,25.87M,0.28%
2022/5/5,21.45,20.71,22.5,20.62,35.05M,0.99%
2022/4/29,21.24,20.23,21.55,19.96,32.97M,6.73%
2022/4/28,19.9,19.5,20.89,19.27,40.30M,0.25%
2022/4/27,19.85,16.54,20.07,16.53,47.67M,16.56%
2022/4/26,17.03,17.81,18.12,16.92,25.76M,-4.11%
2022/4/25,17.76,18.06,18.68,17.74,26.58M,-4.93%
2022/4/22,18.68,18.67,19.24,18.37,33.04M,2.30%
2022/4/21,18.26,19.06,19.51,17.86,30.93M,-4.87%
2022/4/20,19.19,20.18,20.36,19.01,30.10M,-4.86%
2022/4/19,20.18,20.86,21.22,20.02,29.01M,-4.00%
2022/4/18,21.02,20.45,21.32,19.79,21.76M,2.34%
2022/4/15,20.54,20.61,20.82,19.76,25.06M,-0.90%
2022/4/14,20.72,21.37,21.91,20.41,22.43M,-1.74%
2022/4/13,21.09,21.31,21.69,20.75,18.01M,-2.47%
2022/4/12,21.62,21.24,21.62,20.69,21.14M,1.82%
2022/4/11,21.24,22.26,22.76,21.02,32.79M,-7.15%
2022/4/8,22.87,23.61,23.75,22.48,25.00M,-3.68%
2022/4/7,23.75,23.13,24.19,23.08,20.78M,1.31%
2022/4/6,23.44,24.63,24.63,22.64,33.01M,-5.52%
2022/4/1,24.81,24.8,25.88,24.71,22.73M,-1.61%
2022/3/31,25.21,25.95,25.95,24.66,26.68M,-1.69%
2022/3/30,25.65,24.23,25.88,24.23,35.49M,7.11%
2022/3/29,23.95,23.91,24.48,23.49,25.87M,1.56%
2022/3/28,23.58,24.08,24.29,23.23,21.47M,-2.73%
2022/3/25,24.24,25.33,25.61,24.11,22.10M,-4.17%
2022/3/24,25.29,25.78,26.06,24.87,24.15M,-3.12%
2022/3/23,26.11,25.93,26.61,25.69,22.55M,0.49%
2022/3/22,25.98,26.25,26.88,25.54,25.48M,-1.67%
2022/3/21,26.42,26.69,27.43,25.8,40.54M,-2.08%
2022/3/18,26.98,27.46,28.02,26.81,34.70M,-3.23%
2022/3/17,27.88,26.73,28.71,26.7,67.60M,6.31%
2022/3/16,26.23,24.99,26.7,24.76,71.42M,8.89%
2022/3/15,24.09,23.79,25.09,23.45,47.80M,0.59%
2022/3/14,23.95,23.11,24.96,22.69,50.63M,2.48%
2022/3/11,23.37,22.72,23.69,22.49,26.00M,-0.26%
2022/3/10,23.43,23.2,24.15,22.56,43.09M,6.46%
2022/3/9,22,21.27,22.08,20.37,30.56M,5.30%
2022/3/8,20.9,21.42,22,20.66,26.47M,-3.66%
2022/3/7,21.69,22.8,22.87,21.3,27.45M,-3.82%
2022/3/4,22.55,23.36,23.88,22.44,26.56M,-4.60%
2022/3/3,23.64,24.81,24.89,23.59,23.56M,-4.09%
2022/3/2,24.65,26.12,26.13,24.29,40.20M,-5.23%
2022/3/1,26.01,25.76,27.35,25.76,49.74M,2.66%
2022/2/28,25.33,24.23,25.35,24.15,27.48M,3.77%
2022/2/25,24.41,24.83,25.2,24.05,24.11M,0.36%
2022/2/24,24.33,24.13,24.93,23.69,37.06M,0.11%
2022/2/23,24.3,22.93,24.59,22.76,36.85M,6.77%
2022/2/22,22.76,22.66,22.83,22.16,20.68M,-0.70%
2022/2/21,22.92,23.23,23.45,22.69,18.19M,-1.66%
2022/2/18,23.31,22.75,23.48,22.56,19.57M,0.87%
2022/2/17,23.11,22.69,23.47,22.36,28.56M,1.41%
2022/2/16,22.78,22.8,23.32,22.57,23.47M,-0.09%
2022/2/15,22.8,21.05,22.85,20.95,42.92M,9.38%
2022/2/14,20.85,20.03,21.47,19.86,31.48M,3.31%
2022/2/11,20.18,20.44,20.87,20.08,20.19M,-2.45%
2022/2/10,20.69,20.94,21.1,20.43,23.76M,-1.71%
2022/2/9,21.05,20.56,21.15,19.83,38.08M,0.54%
2022/2/8,20.94,23.28,23.36,20.13,53.48M,-10.60%
2022/2/7,23.42,24.33,25.05,23.17,36.42M,-1.13%
2022/1/28,23.69,22.49,24.29,22.49,40.63M,3.20%
2022/1/27,22.95,24.43,24.94,22.69,47.64M,-5.31%
2022/1/26,24.24,24.17,24.52,23.59,32.06M,0.80%
2022/1/25,24.05,23.75,24.94,23.75,40.61M,0.76%
2022/1/24,23.87,23.21,24.15,22.72,24.54M,2.58%
2022/1/21,23.27,22.87,23.66,22.61,18.88M,0.37%
2022/1/20,23.18,23.71,24.21,23.03,27.32M,-1.22%
2022/1/19,23.47,24.68,24.89,23.24,37.70M,-5.41%
2022/1/18,24.81,23.95,25.43,23.83,40.57M,2.20%
2022/1/17,24.27,23.75,24.63,22.8,50.69M,0.44%
2022/1/14,24.17,24.33,24.91,23.61,54.95M,-1.60%
2022/1/13,24.56,24.03,25.11,23.58,54.86M,0.88%
2022/1/12,24.35,23.08,24.35,22.94,73.73M,7.93%
2022/1/11,22.56,22.4,23.41,22.3,43.77M,0.66%
2022/1/10,22.41,22.32,22.96,21.88,22.39M,0.57%
2022/1/7,22.28,23.23,23.35,22.16,27.26M,-4.19%
2022/1/6,23.26,23.15,23.37,22.34,27.40M,0.46%
2022/1/5,23.15,23.76,24.09,22.89,26.41M,-2.77%
2022/1/4,23.81,24.7,25.61,23.59,37.41M,-2.86%
2021/12/31,24.51,24.1,24.55,23.85,25.15M,1.07%
2021/12/30,24.25,24.33,24.59,23.91,26.13M,-0.30%
2021/12/29,24.33,24.1,24.59,23.87,36.97M,0.91%
2021/12/28,24.11,22.89,24.26,22.62,49.06M,5.92%
2021/12/27,22.76,23.23,23.56,22.53,35.48M,-3.01%
2021/12/24,23.47,24.83,24.96,23.11,40.25M,-4.97%
2021/12/23,24.69,25.16,25.26,24.53,18.57M,-0.46%
2021/12/22,24.81,25.07,25.27,24.53,21.48M,-0.21%
2021/12/21,24.86,25.1,25.53,24.49,23.24M,-0.43%
2021/12/20,24.97,25.7,26.13,24.85,30.02M,-3.66%
2021/12/17,25.92,27.1,27.22,25.69,38.46M,-4.17%
2021/12/16,27.04,27.8,27.95,26.88,23.82M,-2.34%
2021/12/15,27.69,28.15,28.42,27.65,16.22M,-1.68%
2021/12/14,28.16,28.82,28.93,28.15,20.89M,-2.27%
2021/12/13,28.82,29.82,30.08,28.62,30.94M,-3.40%
2021/12/10,29.83,29.29,30.2,29.15,29.59M,1.54%
2021/12/9,29.38,29.31,30.25,29.03,32.16M,-0.11%
2021/12/8,29.41,28.16,29.58,28.11,34.72M,5.13%
2021/12/7,27.98,28.64,28.83,27.74,29.68M,-2.22%
2021/12/6,28.61,29.61,29.83,28.59,22.93M,-3.36%
2021/12/3,29.61,29.45,29.83,28.76,26.81M,-0.05%
2021/12/2,29.62,29.17,30.3,29.13,23.52M,0.93%
2021/12/1,29.35,30.11,30.55,29.17,31.60M,-4.20%
2021/11/30,30.63,31.9,31.93,29.99,48.06M,-2.65%
2021/11/29,31.47,30.07,31.71,30.01,27.30M,2.23%
2021/11/26,30.78,29.86,31.09,29.67,22.48M,2.88%
2021/11/25,29.92,30.41,30.68,29.81,16.64M,-1.62%
2021/11/24,30.41,30.61,31.42,29.96,25.64M,-0.50%
2021/11/23,30.57,31.38,31.66,30.47,28.73M,-3.60%
2021/11/22,31.71,30.4,32.04,30.4,33.42M,3.96%
2021/11/19,30.5,30.09,30.8,29.94,19.81M,0.88%
2021/11/18,30.23,30.62,30.62,29.61,23.17M,-1.52%
2021/11/17,30.7,30.93,31.43,30.29,28.00M,1.77%
2021/11/16,30.17,30.17,30.83,29.77,22.87M,0.44%
2021/11/15,30.03,30.65,31.03,29.36,28.50M,-1.10%
2021/11/12,30.37,29.17,30.88,29.03,35.60M,4.21%
2021/11/11,29.14,29.97,30.55,28.93,55.03M,-5.72%
2021/11/10,30.91,31.39,31.69,30.42,26.63M,-2.71%
2021/11/9,31.77,31.87,32.24,31.33,23.35M,-0.34%
2021/11/8,31.87,30.83,31.9,29.91,38.97M,3.58%
2021/11/5,30.77,33.24,33.56,30.59,49.95M,-8.84%
2021/11/4,33.76,34.04,34.93,33.38,25.01M,0.60%
2021/11/3,33.56,33.74,33.9,32.39,23.13M,-0.40%
2021/11/2,33.69,34.1,34.94,32.94,32.89M,-1.62%
2021/11/1,34.24,35.74,36.44,34.16,28.95M,-4.27%
2021/10/29,35.77,35.51,36.57,34.11,26.42M,1.17%
2021/10/28,35.36,36.08,37.51,34.74,29.74M,-1.96%
2021/10/27,36.07,35.59,36.78,35.47,23.15M,1.67%
2021/10/26,35.47,37.04,37.66,35.31,30.31M,-1.26%
2021/10/25,35.93,35.35,37.31,35.35,39.45M,2.77%
2021/10/22,34.96,35.29,36.67,34.87,28.17M,0.25%
2021/10/21,34.87,36.23,37.04,34.74,37.21M,-3.83%
2021/10/20,36.26,34.71,37.57,34.57,49.58M,4.20%
2021/10/19,34.8,34.92,36.21,34.74,24.90M,-0.46%
2021/10/18,34.96,32.93,35.15,32.72,29.69M,6.83%
2021/10/15,32.72,31.28,33,30.79,29.37M,5.46%
2021/10/14,31.03,30.55,31.49,29.75,25.80M,0.85%
2021/10/13,30.77,28.5,31.22,28.36,38.63M,8.93%
2021/10/12,28.24,28.64,28.88,27.21,23.92M,-1.72%
2021/10/11,28.74,28.7,29.59,28.02,21.91M,-1.24%
2021/10/8,29.1,31.77,31.87,28.7,33.33M,-3.22%
2021/9/30,30.07,28.8,30.7,28.8,31.97M,4.74%
2021/9/29,28.7,30.69,30.9,28.43,41.50M,-5.47%
2021/9/28,30.37,32.37,33.31,30.29,50.79M,-8.63%
2021/9/27,33.24,35.43,35.77,31.47,39.02M,-6.92%
2021/9/24,35.71,35.35,36.57,34.64,24.47M,1.71%
2021/9/23,35.11,37.17,37.57,35.09,30.15M,-3.84%
2021/9/22,36.51,38.56,38.63,36.45,24.94M,-5.85%
2021/9/17,38.78,37.67,39.22,36.03,31.73M,3.99%
2021/9/16,37.29,39.04,39.04,36.71,34.16M,-5.24%
2021/9/15,39.35,38.74,39.38,37.71,38.69M,1.66%
2021/9/14,38.71,35.65,40.84,35.09,61.55M,8.65%
2021/9/13,35.63,37.91,38.88,35.13,40.76M,-4.76%
2021/9/10,37.41,36.96,37.72,35.47,37.30M,0.99%
2021/9/9,37.04,36.98,38.42,35.87,37.06M,0.58%
2021/9/8,36.83,36.46,38.25,35.23,46.16M,-0.36%
2021/9/7,36.96,34.94,40.08,34.8,66.20M,5.17%
2021/9/6,35.15,32.7,35.92,31.61,57.11M,6.71%
2021/9/3,32.94,31.5,33.62,30.57,59.19M,2.51%
2021/9/2,32.13,29.23,32.68,29.09,68.25M,8.11%
2021/9/1,29.72,31.7,31.7,28.99,62.28M,4.04%
2021/8/31,28.56,29.09,29.37,28.08,31.69M,-3.12%
2021/8/30,29.49,31.06,32.02,29.31,52.91M,-5.70%
2021/8/27,31.27,31.37,31.96,29.74,42.19M,-2.82%
2021/8/26,32.18,30.75,33.14,30.75,72.91M,7.20%
2021/8/25,30.01,28.4,30.55,27.03,50.95M,6.49%
2021/8/24,28.18,27.72,28.88,26.71,40.29M,3.33%
2021/8/23,27.28,27.85,28.08,26.73,44.78M,-1.52%
2021/8/20,27.7,28.04,28.81,27.16,44.59M,-6.02%
2021/8/19,29.47,29.11,30.03,27.81,30.57M,1.63%
2021/8/18,29,29.9,30.93,28.03,27.06M,-3.44%
2021/8/17,30.03,30.83,31.37,29.5,21.74M,-2.20%
2021/8/16,30.71,30.83,31.61,30.14,17.26M,-3.74%
2021/8/13,31.9,32.04,34.04,31.37,24.91M,-0.87%
2021/8/12,32.18,30.96,32.37,30.57,24.31M,2.27%
2021/8/11,31.47,30.37,32.08,30.01,35.24M,3.26%
2021/8/10,30.47,31.85,32.16,29.37,42.03M,-4.70%
2021/8/9,31.98,33.37,33.37,30.37,53.89M,-8.93%
2021/8/6,35.11,36.17,37.96,34.84,44.35M,1.45%
2021/8/5,34.61,34.45,35.37,33.7,39.90M,0.72%
2021/8/4,34.36,29.1,35.43,29.1,59.53M,14.93%
2021/8/3,29.9,29.5,30.39,28.75,27.94M,-1.30%
2021/8/2,30.29,29.23,30.81,28.33,42.70M,7.00%
2021/7/30,28.31,29.7,30.85,27.96,40.02M,-3.90%
2021/7/29,29.46,28.1,29.91,27.8,43.24M,8.85%
2021/7/28,27.06,25.52,28.02,25.49,36.42M,0.77%
2021/7/27,26.86,27.56,28.69,26.7,45.89M,-3.18%
2021/7/26,27.74,25.9,28.34,25.36,43.50M,4.19%
2021/7/23,26.62,27.8,27.96,26.57,32.34M,-4.46%
2021/7/22,27.86,28.43,28.66,27.16,41.49M,-1.65%
2021/7/21,28.33,27.38,28.86,27.36,46.47M,4.56%
2021/7/20,27.1,25.8,27.55,25.36,44.74M,5.35%
2021/7/19,25.72,27.04,27.7,25.36,52.44M,-5.38%
2021/7/16,27.18,28.3,28.58,27.02,47.00M,-5.61%
2021/7/15,28.8,27.1,28.85,26.73,64.35M,6.52%
2021/7/14,27.04,28.7,30.1,26.96,95.52M,-13.81%
2021/7/13,31.37,32.55,33.33,30.38,55.57M,-5.13%
2021/7/12,33.06,31.72,34.02,30.83,67.53M,2.67%
2021/7/9,32.2,27.63,33.04,26.5,72.45M,13.66%
2021/7/8,28.33,28.17,29.09,27.83,41.26M,-1.35%
2021/7/7,28.72,26.44,28.9,25.82,53.22M,7.09%
2021/7/6,26.82,27.16,28.28,26.16,50.45M,-0.12%
2021/7/5,26.85,27.58,28.36,26.17,48.45M,-2.66%
2021/7/2,27.58,27.09,28.08,27.04,51.07M,1.55%
2021/7/1,27.16,28.16,28.87,26.47,52.03M,-1.62%
2021/6/30,27.61,26.27,28.94,25.03,64.17M,5.13%
2021/6/29,26.26,23.87,26.63,23.87,65.12M,13.08%
2021/6/28,23.22,22.54,24.4,22.54,39.11M,3.30%
2021/6/25,22.48,22.11,23.57,22.11,36.74M,2.61%
2021/6/24,21.91,23.07,23.22,21.76,33.22M,-3.74%
2021/6/23,22.76,22.48,23.41,22.24,31.80M,0.09%
2021/6/22,22.74,20.87,22.89,20.46,48.18M,9.11%
2021/6/21,20.84,18.73,21.36,18.15,55.89M,9.42%
2021/6/18,19.05,17.94,19.51,17.94,48.88M,9.74%
2021/6/17,17.36,17.53,18.15,17.24,27.42M,0.73%
2021/6/16,17.23,18.87,19.16,17.1,33.40M,-8.12%
2021/6/15,18.76,19.39,19.6,18.61,28.99M,-3.27%
2021/6/11,19.39,19.51,20.21,18.85,43.13M,2.13%
2021/6/10,18.98,18.15,19.24,17.97,35.91M,4.31%
2021/6/9,18.2,18.63,18.63,17.57,24.83M,-0.43%
2021/6/8,18.28,18.54,18.96,18.08,27.37M,-0.50%
2021/6/7,18.37,18.87,18.87,17.94,28.40M,-2.26%
2021/6/4,18.8,18.08,19.18,17.94,40.40M,2.88%
2021/6/3,18.27,18.04,18.5,17.4,32.34M,0.97%
2021/6/2,18.1,18.32,18.68,17.74,29.54M,-0.14%
2021/6/1,18.12,19.36,19.47,17.82,40.90M,-6.14%
2021/5/31,19.31,18.86,19.67,18.65,42.41M,6.05%
2021/5/28,18.2,16.6,18.56,16.6,53.44M,11.02%
2021/5/27,16.4,16.02,16.44,15.86,28.18M,3.89%
2021/5/26,15.78,15.9,16.4,15.75,24.74M,-0.08%
2021/5/25,15.8,15.91,16.02,15.54,27.32M,0.83%
2021/5/24,15.67,15.65,16.11,15.37,38.36M,0.54%
2021/5/21,15.58,15.29,15.9,15.29,40.22M,1.52%
2021/5/20,15.35,14.56,15.53,14.56,74.35M,5.69%
2021/5/19,14.52,12.58,15.02,12.52,60.92M,14.58%
2021/5/18,12.68,12.4,12.92,12.31,15.76M,1.57%
2021/5/17,12.48,12.29,12.73,12.27,19.13M,1.49%
2021/5/14,12.3,12.18,12.53,11.98,13.80M,2.11%
2021/5/13,12.04,11.98,12.22,11.79,13.27M,-0.31%
2021/5/12,12.08,12.01,12.31,11.8,16.19M,0.49%
2021/5/11,12.02,12.22,12.22,11.52,20.61M,-1.61%
2021/5/10,12.22,11.95,12.43,11.78,24.23M,2.45%
2021/5/7,11.93,12.8,13.06,11.8,25.33M,-6.45%
2021/5/6,12.75,12.88,12.93,12.44,18.29M,-0.81%
2021/4/30,12.85,12.87,13.44,12.73,25.04M,-0.77%
2021/4/29,12.95,12.65,12.96,12.51,19.90M,2.44%
2021/4/28,12.64,12.93,12.96,12.52,20.13M,-1.27%
2021/4/27,12.81,12.67,12.81,12.42,12.38M,0.62%
2021/4/26,12.73,12.54,13.14,12.35,18.17M,1.46%
2021/4/23,12.54,12.77,12.93,12.43,15.09M,-1.73%
2021/4/22,12.76,12.69,13.02,12.66,13.97M,0.10%
2021/4/21,12.75,12.65,12.84,12.3,16.16M,0.33%
2021/4/20,12.71,12.64,13.03,12.55,20.62M,0.00%
2021/4/19,12.71,12.4,13.01,11.93,22.65M,1.53%
2021/4/16,12.51,12.36,12.52,12.25,14.20M,0.50%
2021/4/15,12.45,12.22,12.59,12.07,20.75M,1.15%
2021/4/14,12.31,11.64,12.56,11.64,30.65M,5.81%
2021/4/13,11.63,11.21,11.8,11.1,18.42M,3.49%
2021/4/12,11.24,11.27,11.82,11.19,15.00M,-0.96%
2021/4/9,11.35,11.53,11.54,11.2,8.76M,-1.31%
2021/4/8,11.5,11.47,11.6,11.23,10.60M,0.18%
2021/4/7,11.48,11.7,11.82,11.39,14.50M,-2.65%
2021/4/6,11.79,11.54,12.09,11.49,19.74M,2.43%
2021/4/2,11.51,11.5,11.75,11.35,11.55M,-0.36%
2021/4/1,11.55,11.52,11.83,11.43,19.97M,1.13%
2021/3/31,11.42,11.73,11.95,11.26,18.83M,-2.70%
2021/3/30,11.74,11.62,11.93,11.45,23.25M,0.50%
2021/3/29,11.68,11.6,11.83,11.42,40.36M,6.06%
2021/3/26,11.02,10.51,11.13,10.48,23.07M,4.97%
2021/3/25,10.49,10.14,10.72,10.05,13.40M,2.44%
2021/3/24,10.24,10.55,10.74,10.17,15.01M,-4.47%
2021/3/23,10.72,10.67,10.83,10.48,12.27M,1.10%
2021/3/22,10.61,10.65,10.89,10.56,11.90M,0.24%
2021/3/19,10.58,10.92,11.06,10.58,19.46M,-5.16%
2021/3/18,11.16,10.72,11.17,10.69,24.86M,3.93%
2021/3/17,10.74,10.61,10.9,10.41,22.06M,-0.35%
2021/3/16,10.77,10.35,10.78,10.19,46.69M,8.49%
2021/3/15,9.93,10.14,10.37,9.79,16.03M,-2.78%
2021/3/12,10.21,10.14,10.24,9.68,20.53M,1.66%
2021/3/11,10.05,10.09,10.27,9.91,16.92M,-0.45%
2021/3/10,10.09,10.6,10.63,10.04,14.18M,-2.26%
2021/3/9,10.33,10.23,10.6,9.97,14.75M,0.00%
2021/3/8,10.32,10.84,10.97,10.29,13.50M,-4.55%
2021/3/5,10.82,10.62,10.89,10.51,8.86M,-0.19%
2021/3/4,10.84,11.3,11.37,10.72,15.19M,-5.05%
2021/3/3,11.41,11.33,11.5,11.11,14.57M,1.52%
2021/3/2,11.24,11.52,11.52,11.14,14.48M,-2.04%
2021/3/1,11.47,11.35,11.71,11.23,20.97M,1.97%
2021/2/26,11.25,10.85,11.37,10.77,19.39M,1.01%
2021/2/25,11.14,11.5,11.55,10.96,19.72M,-1.29%
2021/2/24,11.29,11.31,11.49,11.05,30.17M,0.00%
2021/2/23,11.29,10.81,11.46,10.72,44.18M,4.52%
2021/2/22,10.8,10.46,11.01,10.43,30.80M,3.56%
2021/2/19,10.43,10.51,10.57,10.1,17.72M,-1.81%
2021/2/18,10.62,10.85,10.89,10.49,18.51M,0.59%
2021/2/10,10.56,10.89,11,10.37,25.40M,-3.21%
2021/2/9,10.91,10.41,11.08,10.32,22.73M,4.77%
2021/2/8,10.41,10.11,10.53,10,15.69M,2.93%
2021/2/5,10.11,10.67,10.82,10.04,24.94M,-5.05%
2021/2/4,10.65,10.43,10.84,10.29,23.78M,-1.12%
2021/2/3,10.77,10.85,11.12,10.55,22.10M,-1.30%
2021/2/2,10.92,10.56,11.02,10.43,31.09M,1.79%
2021/2/1,10.72,10.64,10.76,10.16,32.89M,1.38%
2021/1/29,10.58,10.77,10.96,10.37,29.18M,-0.98%
2021/1/28,10.68,10.97,11.22,10.64,29.94M,-4.30%
2021/1/27,11.16,11.09,11.4,10.85,33.70M,-0.11%
2021/1/26,11.17,12.06,12.27,10.85,70.72M,-8.44%
2021/1/25,12.2,12.76,13.13,11.9,59.70M,-5.34%
2021/1/22,12.89,12.96,13.14,12.6,36.68M,1.48%
2021/1/21,12.71,12.77,13.16,12.68,35.17M,-0.49%
2021/1/20,12.77,11.62,12.95,11.56,55.22M,9.25%
2021/1/19,11.69,11.9,12.1,11.57,33.23M,-2.74%
2021/1/18,12.02,11.8,12.2,11.35,35.93M,0.77%
2021/1/15,11.93,11.68,12.2,11.09,44.52M,2.00%
2021/1/14,11.69,12.34,12.45,11.38,48.99M,-7.16%
2021/1/13,12.59,13.03,13.67,12.36,56.14M,-0.92%
2021/1/12,12.71,12.52,13.04,12.52,62.74M,2.94%
2021/1/11,12.35,13.77,13.77,11.81,98.75M,-16.15%
2021/1/8,14.72,14.19,15.27,13.59,85.98M,3.86%
2021/1/7,14.18,12.95,14.49,12.81,88.60M,7.36%
2021/1/6,13.21,13.14,13.56,12.43,68.35M,2.63%
2021/1/5,12.87,12.97,13.27,12.52,65.17M,-3.41%
2021/1/4,13.32,12.96,13.47,12.89,61.90M,5.48%
2020/12/31,12.63,12.69,13.26,12.52,46.89M,-1.05%
2020/12/30,12.76,12.59,13,12.52,55.30M,2.62%
2020/12/29,12.44,13.44,13.58,12.29,63.89M,-7.65%
2020/12/28,13.47,13.6,13.67,12.45,67.91M,-2.18%
2020/12/25,13.77,12.95,13.98,12.86,54.96M,5.77%
2020/12/24,13.02,13.27,13.61,12.98,44.60M,-1.52%
2020/12/23,13.22,13.23,13.74,12.98,67.26M,0.73%
2020/12/22,13.12,14.18,14.32,13,92.03M,-8.04%
2020/12/21,14.27,13.48,14.75,13.36,62.74M,4.91%
2020/12/18,13.6,13.23,13.93,12.94,63.95M,1.24%
2020/12/17,13.44,12.62,13.88,12.47,78.18M,6.38%
2020/12/16,12.63,12.72,13.11,12.55,62.00M,-0.75%
2020/12/15,12.73,12.65,13.12,12.32,81.36M,2.18%
2020/12/14,12.45,10.77,12.77,10.69,101.86M,17.06%
2020/12/11,10.64,10.24,10.93,10.17,48.38M,2.86%
2020/12/10,10.34,10.11,10.5,9.96,32.52M,-0.32%
2020/12/9,10.38,10.66,10.88,10.33,38.11M,-3.23%
2020/12/8,10.72,10.49,11.01,10.47,50.60M,2.43%
2020/12/7,10.47,10.07,10.7,10.04,46.17M,2.87%
2020/12/4,10.18,10.38,10.39,10.06,26.71M,-0.16%
2020/12/3,10.19,9.81,10.37,9.6,41.27M,2.78%
2020/12/2,9.92,9.63,9.99,9.52,31.42M,2.46%
2020/12/1,9.68,9.63,9.77,9.5,20.75M,1.62%
2020/11/30,9.53,9.51,9.93,9.5,25.08M,-1.59%
2020/11/27,9.68,9.88,10.01,9.55,32.31M,-4.09%
2020/11/26,10.09,9.97,10.51,9.41,52.01M,-0.45%
2020/11/25,10.14,10.37,10.71,10.08,40.12M,-2.21%
2020/11/24,10.37,10.1,10.51,10.06,40.49M,2.64%
2020/11/23,10.1,9.96,10.28,9.78,43.46M,2.80%
2020/11/20,9.83,9.75,9.93,9.62,34.89M,1.51%
2020/11/19,9.68,9.76,9.82,9.47,21.90M,-0.51%
2020/11/18,9.73,9.63,10.12,9.48,35.37M,1.39%
2020/11/17,9.6,10.27,10.33,9.43,54.92M,-7.26%
2020/11/16,10.35,10.48,10.55,10.17,31.97M,-3.20%
2020/11/13,10.69,10.63,10.84,10.39,38.34M,2.15%
2020/11/12,10.46,10.1,10.64,10.03,33.68M,4.81%
2020/11/11,9.98,10.35,10.54,9.98,31.78M,-3.74%
2020/11/10,10.37,10.64,10.64,10.16,38.31M,-2.51%
2020/11/9,10.64,10.37,10.81,10.07,53.64M,2.49%
2020/11/6,10.38,11.5,11.66,10.01,75.78M,-9.43%
2020/11/5,11.46,11,11.46,10.87,65.40M,6.27%
2020/11/4,10.79,10.62,11.04,10.54,39.09M,1.29%
2020/11/3,10.65,10.56,11.3,10.52,40.35M,-0.08%
2020/11/2,10.66,10.58,10.93,10.43,46.43M,2.04%
2020/10/30,10.44,11.04,11.08,10.39,54.95M,-2.98%
2020/10/29,10.77,10.64,11.42,10.59,73.23M,-2.20%
2020/10/28,11.01,9.71,11.39,9.71,75.09M,12.93%
2020/10/27,9.75,9.83,10.06,9.61,33.38M,-0.81%
2020/10/26,9.83,9.76,10.03,8.83,57.27M,2.84%
2020/10/23,9.56,9.79,10.06,9.39,50.15M,-1.34%
2020/10/22,9.68,9.56,9.89,9.39,47.46M,0.91%
2020/10/21,9.6,9.79,9.93,9.44,48.07M,-1.67%
2020/10/20,9.76,9.56,9.76,9.31,56.43M,1.43%
2020/10/19,9.62,9.05,9.76,8.83,69.70M,9.97%
2020/10/16,8.75,8.89,9.13,8.55,50.61M,-3.90%
2020/10/15,9.1,9.02,9.58,8.8,70.34M,3.41%
2020/10/14,8.8,8.62,8.95,8.57,53.21M,2.73%
2020/10/13,8.57,8.52,8.66,8.4,38.14M,1.18%
2020/10/12,8.47,7.92,8.49,7.92,53.70M,9.08%
2020/10/9,7.77,7.57,7.88,7.51,19.97M,6.04%
2020/9/30,7.32,7.43,7.49,7.27,8.92M,-0.96%
2020/9/29,7.39,7.39,7.56,7.36,9.08M,0.51%
2020/9/28,7.36,7.41,7.49,7.31,14.72M,-0.51%
2020/9/25,7.39,7.58,7.61,7.36,11.91M,-1.34%
2020/9/24,7.49,7.58,7.72,7.47,15.51M,-3.08%
2020/9/23,7.73,7.64,7.79,7.52,18.66M,1.65%
2020/9/22,7.61,7.9,7.96,7.56,32.83M,-5.25%
2020/9/21,8.03,8.13,8.14,7.85,38.59M,-4.18%
2020/9/18,8.38,8.35,8.53,8.22,28.90M,0.60%
2020/9/17,8.33,8.23,8.49,8.12,33.36M,0.76%
2020/9/16,8.27,8.43,8.5,8.22,39.30M,-1.44%
2020/9/15,8.39,7.76,8.45,7.74,49.35M,8.01%
2020/9/14,7.77,7.58,7.79,7.51,12.15M,2.87%
2020/9/11,7.55,7.35,7.59,7.14,14.26M,2.78%
2020/9/10,7.34,7.72,7.78,7.18,25.68M,-3.56%
2020/9/9,7.61,8.11,8.23,7.59,31.49M,-9.07%
2020/9/8,8.37,8.45,8.51,8.27,19.27M,-1.57%
2020/9/7,8.51,8.39,8.67,8.26,33.21M,1.65%
2020/9/4,8.37,8.2,8.4,8.17,16.87M,-0.69%
2020/9/3,8.43,8.66,8.66,8.36,26.18M,-3.76%
2020/9/2,8.76,8.55,8.84,8.45,38.20M,1.75%
2020/9/1,8.61,8.22,8.79,8.16,38.16M,5.09%
2020/8/31,8.19,8.39,8.47,8.17,17.77M,-2.05%
2020/8/28,8.36,8.48,8.58,8.24,20.94M,-1.09%
2020/8/27,8.45,7.95,8.51,7.81,33.59M,6.24%
2020/8/26,7.96,8.29,8.34,7.81,23.50M,-4.17%
2020/8/25,8.3,8.27,8.43,8.19,23.43M,0.10%
2020/8/24,8.29,8.17,8.42,8.04,28.86M,1.27%
2020/8/21,8.19,7.8,8.42,7.8,34.75M,4.25%
2020/8/20,7.86,7.63,8.01,7.55,21.15M,2.23%
2020/8/19,7.69,7.89,7.95,7.69,20.62M,-3.51%
2020/8/18,7.97,7.89,8.14,7.85,27.98M,1.60%
2020/8/17,7.84,7.36,7.92,7.27,36.16M,4.33%
2020/8/14,7.51,7.76,7.76,7.39,27.93M,-3.48%
2020/8/13,7.79,7.76,7.97,7.71,27.44M,1.41%
2020/8/12,7.68,7.56,7.79,7.39,29.05M,3.60%
2020/8/11,7.41,7.44,7.61,7.39,16.22M,-0.95%
2020/8/10,7.48,7.45,7.55,7.38,13.67M,-0.44%
2020/8/7,7.51,7.52,7.65,7.35,19.89M,-0.61%
2020/8/6,7.56,7.67,7.67,7.39,19.13M,-1.25%
2020/8/5,7.66,7.6,7.69,7.45,21.11M,0.88%
2020/8/4,7.59,7.96,7.97,7.55,32.47M,-4.11%
2020/8/3,7.92,7.88,7.99,7.79,23.91M,1.17%
2020/7/31,7.82,7.79,7.91,7.64,18.00M,0.70%
2020/7/30,7.77,7.92,7.94,7.75,13.48M,-2.41%
2020/7/29,7.96,7.59,7.97,7.47,21.92M,4.89%
2020/7/28,7.59,7.55,7.91,7.38,24.11M,1.45%
2020/7/27,7.48,7.84,7.84,7.13,31.95M,-3.08%
2020/7/24,7.72,8.35,8.4,7.72,26.56M,-8.42%
2020/7/23,8.43,8.25,8.45,8.01,23.94M,0.80%
2020/7/22,8.36,8.24,8.51,8.24,19.17M,0.25%
2020/7/21,8.34,8.14,8.7,8.14,27.36M,2.41%
2020/7/20,8.14,8.09,8.15,7.84,19.34M,3.28%
2020/7/17,7.89,7.91,8.05,7.71,21.01M,-0.63%
2020/7/16,7.94,8.55,8.64,7.93,31.14M,-6.35%
2020/7/15,8.47,8.85,8.97,8.44,38.31M,-4.24%
2020/7/14,8.85,9.14,9.39,8.68,38.27M,-3.72%
2020/7/13,9.19,8.98,9.26,8.85,35.58M,4.56%
2020/7/10,8.79,8.66,8.99,8.6,35.23M,0.33%
2020/7/9,8.76,8.6,8.87,8.55,37.03M,1.50%
2020/7/8,8.63,8.55,8.73,8.46,38.52M,0.00%
2020/7/7,8.63,8.56,9.12,8.55,47.60M,1.92%
2020/7/6,8.47,8.58,8.62,8.22,46.39M,2.16%
2020/7/3,8.29,8.07,8.33,7.84,36.00M,3.92%
2020/7/2,7.98,7.74,8.27,7.6,41.60M,3.30%
2020/7/1,7.72,7.92,8.09,7.59,28.82M,-0.59%
2020/6/30,7.77,7.9,7.96,7.68,22.91M,-0.27%
2020/6/29,7.79,7.96,8.09,7.7,18.10M,-2.20%
2020/6/24,7.97,8.04,8.16,7.89,20.27M,-0.31%
2020/6/23,7.99,8.05,8.1,7.89,27.59M,-0.36%
2020/6/22,8.02,7.95,8.17,7.79,40.21M,2.23%
2020/6/19,7.84,7.26,8.01,7.22,41.51M,7.55%
2020/6/18,7.29,7.14,7.34,7.03,14.27M,2.34%
2020/6/17,7.13,7.34,7.34,7.01,17.78M,-3.34%
2020/6/16,7.37,7.31,7.5,7.23,13.27M,1.03%
2020/6/15,7.3,7.5,7.55,7.23,17.13M,-3.28%
2020/6/12,7.54,7.51,7.77,7.48,18.33M,-2.88%
2020/6/11,7.77,7.82,7.97,7.67,26.63M,1.28%
2020/6/10,7.67,7.76,7.82,7.6,14.73M,0.00%
2020/6/9,7.67,7.67,7.74,7.6,10.29M,0.21%
2020/6/8,7.65,7.74,7.77,7.57,10.81M,-0.67%
2020/6/5,7.7,7.65,7.73,7.51,15.24M,0.95%
2020/6/4,7.63,7.58,7.83,7.58,16.72M,0.46%
2020/6/3,7.59,7.83,7.85,7.57,28.32M,-2.95%
2020/6/2,7.82,8.05,8.16,7.7,29.63M,-3.01%
2020/6/1,8.07,7.93,8.23,7.83,34.08M,2.61%
2020/5/29,7.86,7.98,8.05,7.66,35.11M,3.18%
2020/5/28,7.62,7.46,7.81,7.45,21.74M,1.24%
2020/5/27,7.53,7.6,7.82,7.44,26.84M,-1.62%
2020/5/26,7.65,7.39,7.69,7.33,28.99M,4.32%
2020/5/25,7.33,7.52,7.69,7.26,18.11M,-2.66%
2020/5/22,7.53,7.54,7.78,7.36,27.83M,-0.34%
2020/5/21,7.56,7.78,7.97,7.56,27.05M,-2.64%
2020/5/20,7.76,7.74,8.16,7.7,41.67M,2.15%
2020/5/19,7.6,7.23,7.65,7.16,33.47M,6.19%
2020/5/18,7.16,7.13,7.34,6.99,28.79M,0.36%
2020/5/15,7.13,6.9,7.23,6.85,26.65M,4.37%
2020/5/14,6.83,6.93,6.93,6.82,13.39M,-1.91%
2020/5/13,6.97,6.91,7.06,6.83,21.27M,1.46%
2020/5/12,6.87,6.82,6.92,6.77,10.96M,-0.30%
2020/5/11,6.89,7,7.13,6.85,17.17M,-0.84%
2020/5/8,6.95,6.92,7.03,6.85,19.88M,1.43%
2020/5/7,6.85,7.05,7.05,6.81,22.36M,-2.10%
2020/5/6,6.99,6.85,7.06,6.76,30.30M,1.52%
2020/4/30,6.89,6.35,6.93,6.35,39.31M,9.32%
2020/4/29,6.3,6.42,6.47,6.29,11.90M,-1.64%
2020/4/28,6.41,6.61,6.67,6.21,19.26M,-3.85%
2020/4/27,6.66,6.59,6.82,6.48,17.58M,1.10%
2020/4/24,6.59,6.63,6.69,6.41,18.56M,0.32%
2020/4/23,6.57,6.69,6.74,6.57,12.21M,-1.61%
2020/4/22,6.68,6.57,6.68,6.44,19.48M,0.92%
2020/4/21,6.62,6.86,6.9,6.5,25.23M,-4.54%
2020/4/20,6.93,6.97,6.97,6.8,19.95M,-0.20%
2020/4/17,6.95,6.76,7.03,6.65,38.91M,3.94%
2020/4/16,6.68,6.62,6.73,6.53,25.33M,1.96%
2020/4/15,6.55,6.57,6.74,6.48,25.40M,-1.23%
2020/4/14,6.64,6.43,6.71,6.38,37.09M,3.27%
2020/4/13,6.43,6.11,6.46,5.91,30.10M,5.07%
2020/4/10,6.12,6.41,6.41,6.08,26.45M,-6.12%
2020/4/9,6.51,6.62,6.62,6.49,13.40M,-0.53%
2020/4/8,6.55,6.53,6.57,6.48,14.17M,-0.53%
2020/4/7,6.58,6.47,6.61,6.47,17.29M,3.75%
2020/4/3,6.35,6.39,6.46,6.29,14.55M,-0.84%
2020/4/2,6.4,6.12,6.41,6.1,16.72M,3.20%
2020/4/1,6.2,6.2,6.46,6.12,21.97M,1.45%
2020/3/31,6.11,6.38,6.38,6.07,19.06M,-2.49%
2020/3/30,6.27,6.37,6.42,6.11,18.56M,-2.82%
2020/3/27,6.45,6.75,6.75,6.42,20.53M,-2.50%
2020/3/26,6.62,6.63,6.75,6.56,21.25M,-0.42%
2020/3/25,6.64,6.51,6.71,6.44,25.34M,-29.60%
2020/3/24,9.44,9.5,9.54,9.11,14.14M,1.39%
2020/3/23,9.31,9.81,9.85,9.29,18.83M,-8.39%
2020/3/20,10.16,10.3,10.41,10.09,13.35M,0.07%
2020/3/19,10.16,9.83,10.28,9.78,20.64M,2.29%
2020/3/18,9.93,9.78,10.61,9.7,26.40M,2.90%
2020/3/17,9.65,9.97,10.13,9.31,20.69M,-2.92%
2020/3/16,9.94,10.62,10.75,9.93,22.56M,-5.64%
2020/3/13,10.53,10.48,10.78,10.19,22.34M,-5.34%
2020/3/12,11.13,11.82,12.08,10.98,29.72M,-5.88%
2020/3/11,11.82,12.24,12.48,11.81,35.63M,-5.58%
2020/3/10,12.52,12.93,12.93,12.17,49.41M,-7.44%
2020/3/9,13.53,12.58,13.53,12.33,44.40M,10.00%
2020/3/6,12.3,11.6,12.45,11.54,21.39M,3.90%
2020/3/5,11.84,11.77,12.25,11.77,14.98M,0.77%
2020/3/4,11.74,11.53,11.91,11.43,16.42M,1.88%
2020/3/3,11.53,11.77,11.86,11.35,24.65M,0.95%
2020/3/2,11.42,11.32,11.61,10.98,19.54M,1.21%
2020/2/28,11.28,11.59,12.1,11.28,25.59M,-8.68%
2020/2/27,12.36,12.64,12.74,11.95,18.46M,-1.20%
2020/2/26,12.51,13.29,13.36,12.5,30.98M,-8.04%
2020/2/25,13.6,12.93,13.8,12.59,35.46M,2.91%
2020/2/24,13.22,13.23,13.33,12.82,28.30M,-1.33%
2020/2/21,13.39,13.55,13.62,13.28,28.33M,-1.69%
2020/2/20,13.62,13.53,14.01,13.45,31.19M,-0.59%
2020/2/19,13.7,14.67,15.33,13.4,43.70M,-2.34%
2020/2/18,14.03,13.85,14.48,13.55,29.95M,1.52%
2020/2/17,13.82,13.64,13.85,13.38,28.39M,1.93%
2020/2/14,13.56,13.61,13.87,13.15,28.90M,0.78%
2020/2/13,13.46,13.6,13.87,13.38,28.58M,-2.90%
2020/2/12,13.86,13.34,14.12,13.21,47.31M,3.52%
2020/2/11,13.39,12.93,13.78,12.79,62.37M,6.89%
2020/2/10,12.52,11.14,12.52,11.14,54.31M,10.00%
2020/2/7,11.39,11.81,11.81,11.14,32.76M,-4.71%
2020/2/6,11.95,11.41,12.02,11.37,36.74M,-0.09%
2020/2/5,11.96,12,12.61,11.82,39.55M,1.69%
2020/2/4,11.76,11.14,11.86,11.02,33.52M,8.55%
2020/2/3,10.83,10.83,11.34,10.83,34.87M,-9.99%
2020/1/23,12.03,12.18,12.75,11.69,26.72M,-2.52%
2020/1/22,12.35,11.59,12.63,11.35,34.70M,5.49%
2020/1/21,11.7,12.18,12.18,11.7,26.98M,-3.96%
2020/1/20,12.19,12.16,12.53,11.72,29.66M,-1.02%
2020/1/17,12.31,11.93,12.64,11.6,28.56M,3.22%
2020/1/16,11.93,12.06,12.23,11.77,19.66M,-1.76%
2020/1/15,12.14,12.6,12.7,11.95,29.37M,-4.85%
2020/1/14,12.76,12.08,13.26,12.07,35.95M,5.86%
2020/1/13,12.05,11.81,12.24,11.78,29.55M,3.17%
2020/1/10,11.68,11.95,11.95,11.53,15.99M,-1.44%
2020/1/9,11.85,11.97,12.02,11.59,20.24M,1.31%
2020/1/8,11.7,11.9,12.05,11.6,25.00M,-2.05%
2020/1/7,11.94,11.76,12.25,11.66,27.70M,2.06%
2020/1/6,11.7,11.52,12.23,11.35,33.84M,3.65%
2020/1/3,11.29,10.83,11.49,10.83,24.12M,3.39%
2020/1/2,10.92,10.57,11,10.48,19.80M,3.48%
